index,category,command_kor,command_eng,gt_raw,connected_devices,gt,row_no,profile,genome_id,genome_seed,run_id,candidate_count,candidates,candidate_metadata,prompt_log_paths,generation_status,generation_total_pipeline_sec,llm_mode,llm_model,prompt_render_mode,prompt_assets_dir,service_list_snippet_source,service_list_device_count,service_list_retrieval_status,service_list_retrieval_mode,service_list_retrieval_topk,service_list_retrieval_device,service_list_retrieval_categories,service_list_retrieval_scores,service_list_retrieval_fallback_reason,generation_call_count,generation_error_count,generation_error_type,generation_error_types,generation_oom_flag,generation_prompt_chars_total,generation_prompt_tokens_total,generation_completion_tokens_total,generation_total_tokens_total,generation_llm_latency_sec,generation_peak_vram_gb,output,selected_candidate_index,repair_applied,repair_log_path,repair_metadata,repair_total_pipeline_sec,det_valid_json,det_profile,det_schema_ok,det_service_match,det_arg_type_ok,det_precondition_ok,det_semantic_ok,det_min_extraneous,det_gt_service_coverage,det_gt_service_precision,det_gt_receiver_coverage,det_dataflow_score,det_numeric_grounding,det_enum_grounding,det_gt_exact,det_gt_similarity,det_score,det_failure_reasons,det_resolved_services,repair_call_count,repair_error_count,repair_error_type,repair_error_types,repair_oom_flag,repair_prompt_chars_total,repair_prompt_tokens_total,repair_completion_tokens_total,repair_total_tokens_total,repair_llm_latency_sec,repair_peak_vram_gb
1,4,접촉 센서가 감지되면 조명을 켜줘.,"When the contact sensor is detected, turn on the light.","{""name"": """", 
""cron"": """", 
""period"": 0, 
""script"": ""\nwait until ((#ContactSensor).Contact == true)\n\n(#Light).On()""}",,"{""name"": """", 
""cron"": """", 
""period"": 0, 
""script"": ""\nwait until ((#ContactSensor).contactsensor_contact == true)\n\n(#Light).switch_on()""}",91,version0_15_update20260413,gen-example-version0-15__gpt41_mini,12345,suite_gpt41_mini_gen-example-version0-15_gpt41_mini_15,1,"[""{\""name\"":\""ContactSensorTriggerLightOn\"",\""cron\"":\""\"",\""period\"":100,\""code\"":\""triggered := false\\nif ((#ContactSensor).contactsensor_contact == true) {\\n  if (triggered == false) {\\n    (#Light).switch_on()\\n    triggered = true\\n  }\\n} else {\\n  triggered = false\\n}\""}""]","[{""candidate_index"": 0, ""strategy"": ""direct"", ""prompt_chars"": 100440, ""prompt_tokens"": 26191, ""completion_tokens"": 85, ""total_tokens"": 26276, ""latency_sec"": 2.5116, ""peak_vram_gb"": 0.0, ""load_sec"": 0.0, ""generate_sec"": 0.0, ""prompt_prep_sec"": 0.0, ""decode_sec"": 0.0, ""worker_pid"": 0, ""error_type"": """", ""oom_flag"": false, ""block_manifest"": [{""id"": ""legacy_v13_monolith"", ""path"": ""/home/mgjeong/Desktop/llm/JOILang-Server/gpt_mg/version0_13"", ""metadata"": {""role"": ""generate"", ""prompt_render_mode"": ""legacy_v13_monolith"", ""prompt_assets_dir"": ""/home/mgjeong/Desktop/llm/JOILang-Server/gpt_mg/version0_13"", ""component_files"": ""{\""grammar\"": \""grammar_ver1.5.10.md\"", \""service_prompt\"": \""service_prompt_10.md\"", \""tempo\"": \""tempo_prompt_9.md\"", \""caution\"": \""caution_prompt_8.md\"", \""response_prompt\"": \""response_prompt_baseline_cot.md\""}"", ""service_list_value_count"": ""23"", ""service_list_function_count"": ""8""}}]}]","[""/home/mgjeong/Desktop/llm/JOILang-Server/gpt_mg/version0_15_update20260413/logs/suite_gpt41_mini_gen-example-version0-15_gpt41_mini_15/row_091_cand_1.json""]",ok,8.0554,openai,gpt-4.1-mini,legacy_v13_monolith,/home/mgjeong/Desktop/llm/JOILang-Server/gpt_mg/version0_13,service_retrieval_fallback,10,used,hybrid,10,cpu,"[""PresenceSensor"", ""ContactSensor"", ""LightSensor"", ""PresenceVitalSensor"", ""Light"", ""MotionSensor"", ""CarbonDioxideSensor"", ""TemperatureSensor"", ""Button"", ""ColorControl""]","[2.809329, 1.578257, 1.289481, 1.808329, 0.827733, 0.779585, 0.763226, 0.771123, 0.596495, 0.58871]",,1,0,,[],False,100440,26191,85,26276,2.5116,0.0,"{""name"":""ContactSensorTriggerLightOn"",""cron"":"""",""period"":100,""code"":""triggered := false\nif ((#ContactSensor).contactsensor_contact == true) {\n  if (triggered == false) {\n    (#Light).switch_on()\n    triggered = true\n  }\n} else {\n  triggered = false\n}""}",0,False,,[],0.0033,True,strict,True,1.0,1.0,True,0.6,1.0,1.0,1.0,1.0,1.0,1.0,1.0,False,0.532273,93.6614,"[""gt_mismatch""]","[{""device"": ""ContactSensor"", ""service"": ""Contact"", ""canonical_name"": ""ContactSensor_Contact"", ""args"": [], ""receiver"": ""(#ContactSensor)""}, {""device"": ""Switch"", ""service"": ""On"", ""canonical_name"": ""Switch_On"", ""args"": [], ""receiver"": ""(#Light)""}]",0,0,,[],False,0,0,0,0,0.0,0.0
2,4,재실 센서가 감지되면 TV를 켜줘.,"When the presence sensor detects someone, turn on the TV.","{""name"": """", 
""cron"": """", 
""period"": 0, 
""script"": ""\nwait until ((#PresenceSensor).Presence == true)\n\n(#Television).On()""}",,"{""name"": """", 
""cron"": """", 
""period"": 0, 
""script"": ""\nwait until ((#PresenceSensor).presencesensor_presence == true)\n\n(#Television).switch_on()""}",92,version0_15_update20260413,gen-example-version0-15__gpt41_mini,12345,suite_gpt41_mini_gen-example-version0-15_gpt41_mini_15,1,"[""{\""name\"":\""PresenceSensorTriggerTVOn\"",\""cron\"":\""\"",\""period\"":0,\""code\"":\""wait until ((#PresenceSensor).presencesensor_presence == true)\\n(#Television).switch_on()\""}""]","[{""candidate_index"": 0, ""strategy"": ""direct"", ""prompt_chars"": 97020, ""prompt_tokens"": 25324, ""completion_tokens"": 53, ""total_tokens"": 25377, ""latency_sec"": 1.5811, ""peak_vram_gb"": 0.0, ""load_sec"": 0.0, ""generate_sec"": 0.0, ""prompt_prep_sec"": 0.0, ""decode_sec"": 0.0, ""worker_pid"": 0, ""error_type"": """", ""oom_flag"": false, ""block_manifest"": [{""id"": ""legacy_v13_monolith"", ""path"": ""/home/mgjeong/Desktop/llm/JOILang-Server/gpt_mg/version0_13"", ""metadata"": {""role"": ""generate"", ""prompt_render_mode"": ""legacy_v13_monolith"", ""prompt_assets_dir"": ""/home/mgjeong/Desktop/llm/JOILang-Server/gpt_mg/version0_13"", ""component_files"": ""{\""grammar\"": \""grammar_ver1.5.10.md\"", \""service_prompt\"": \""service_prompt_10.md\"", \""tempo\"": \""tempo_prompt_9.md\"", \""caution\"": \""caution_prompt_8.md\"", \""response_prompt\"": \""response_prompt_baseline_cot.md\""}"", ""service_list_value_count"": ""17"", ""service_list_function_count"": ""9""}}]}]","[""/home/mgjeong/Desktop/llm/JOILang-Server/gpt_mg/version0_15_update20260413/logs/suite_gpt41_mini_gen-example-version0-15_gpt41_mini_15/row_092_cand_1.json""]",ok,2.5534,openai,gpt-4.1-mini,legacy_v13_monolith,/home/mgjeong/Desktop/llm/JOILang-Server/gpt_mg/version0_13,service_retrieval_fallback,10,used,hybrid,10,cpu,"[""PresenceSensor"", ""Television"", ""PresenceVitalSensor"", ""TemperatureSensor"", ""CarbonDioxideSensor"", ""Switch"", ""ContactSensor"", ""MotionSensor"", ""ArmRobot"", ""PressureSensor""]","[2.80251, 0.71228, 1.80151, 0.778406, 0.757932, 1.132761, 0.764976, 0.763217, 1.491326, 0.749369]",,1,0,,[],False,97020,25324,53,25377,1.5811,0.0,"{""name"":""PresenceSensorTriggerTVOn"",""cron"":"""",""period"":0,""code"":""wait until ((#PresenceSensor).presencesensor_presence == true)\n(#Television).switch_on()""}",0,False,,[],0.0022,True,strict,True,1.0,1.0,True,1.0,1.0,1.0,1.0,1.0,1.0,1.0,1.0,True,1.0,100.0,[],"[{""device"": ""PresenceSensor"", ""service"": ""Presence"", ""canonical_name"": ""PresenceSensor_Presence"", ""args"": [], ""receiver"": ""(#PresenceSensor)""}, {""device"": ""Switch"", ""service"": ""On"", ""canonical_name"": ""Switch_On"", ""args"": [], ""receiver"": ""(#Television)""}]",0,0,,[],False,0,0,0,0,0.0,0.0
3,4,소리 센서의 수치가 50보다 커지면 스피커 재생을 멈춰줘.,"When the sound sensor value exceeds 50, stop speaker playback.","{""name"": """", 
""cron"": """", 
""period"": 0, 
""script"": ""\nwait until ((#SoundSensor).Sound > 50)\n\n(#Speaker).Stop()""}",,"{""name"": """", 
""cron"": """", 
""period"": 0, 
""script"": ""\nwait until ((#SoundSensor).soundsensor_sound > 50)\n\n(#Speaker).speaker_stop()""}",93,version0_15_update20260413,gen-example-version0-15__gpt41_mini,12345,suite_gpt41_mini_gen-example-version0-15_gpt41_mini_15,1,"[""{\""name\"":\""StopSpeakerWhenSoundHigh\"",\""cron\"":\""\"",\""period\"":0,\""code\"":\""wait until ((#SoundSensor).soundsensor_sound > 50)\\n(#Speaker).speaker_stop()\""}""]","[{""candidate_index"": 0, ""strategy"": ""direct"", ""prompt_chars"": 100658, ""prompt_tokens"": 26248, ""completion_tokens"": 52, ""total_tokens"": 26300, ""latency_sec"": 1.8378, ""peak_vram_gb"": 0.0, ""load_sec"": 0.0, ""generate_sec"": 0.0, ""prompt_prep_sec"": 0.0, ""decode_sec"": 0.0, ""worker_pid"": 0, ""error_type"": """", ""oom_flag"": false, ""block_manifest"": [{""id"": ""legacy_v13_monolith"", ""path"": ""/home/mgjeong/Desktop/llm/JOILang-Server/gpt_mg/version0_13"", ""metadata"": {""role"": ""generate"", ""prompt_render_mode"": ""legacy_v13_monolith"", ""prompt_assets_dir"": ""/home/mgjeong/Desktop/llm/JOILang-Server/gpt_mg/version0_13"", ""component_files"": ""{\""grammar\"": \""grammar_ver1.5.10.md\"", \""service_prompt\"": \""service_prompt_10.md\"", \""tempo\"": \""tempo_prompt_9.md\"", \""caution\"": \""caution_prompt_8.md\"", \""response_prompt\"": \""response_prompt_baseline_cot.md\""}"", ""service_list_value_count"": ""19"", ""service_list_function_count"": ""16""}}]}]","[""/home/mgjeong/Desktop/llm/JOILang-Server/gpt_mg/version0_15_update20260413/logs/suite_gpt41_mini_gen-example-version0-15_gpt41_mini_15/row_093_cand_1.json""]",ok,2.8399,openai,gpt-4.1-mini,legacy_v13_monolith,/home/mgjeong/Desktop/llm/JOILang-Server/gpt_mg/version0_13,service_retrieval_fallback,10,used,hybrid,10,cpu,"[""Speaker"", ""SoundSensor"", ""AudioRecorder"", ""Siren"", ""PresenceSensor"", ""PressureSensor"", ""ContactSensor"", ""PresenceVitalSensor"", ""ArmRobot"", ""LeakSensor""]","[2.854364, 1.607103, 0.973676, 0.645678, 0.80732, 0.789206, 0.76193, 1.016588, 1.486968, 0.746418]",,1,0,,[],False,100658,26248,52,26300,1.8378,0.0,"{""name"":""StopSpeakerWhenSoundHigh"",""cron"":"""",""period"":0,""code"":""wait until ((#SoundSensor).soundsensor_sound > 50)\n(#Speaker).speaker_stop()""}",0,False,,[],0.0012,True,strict,True,1.0,1.0,True,1.0,1.0,1.0,1.0,1.0,1.0,1.0,1.0,True,1.0,100.0,[],"[{""device"": ""SoundSensor"", ""service"": ""Sound"", ""canonical_name"": ""SoundSensor_Sound"", ""args"": [], ""receiver"": ""(#SoundSensor)""}, {""device"": ""Speaker"", ""service"": ""Stop"", ""canonical_name"": ""Speaker_Stop"", ""args"": [], ""receiver"": ""(#Speaker)""}]",0,0,,[],False,0,0,0,0,0.0,0.0
4,4,비가 오면 제습기를 켜줘.,"When it rains, turn on the dehumidifier.","{""name"": """", 
""cron"": """", 
""period"": 0, 
""script"": ""\nwait until ((#RainSensor).Rain == true)\n\n(#Dehumidifier).On()""}",,"{""name"": """", 
""cron"": """", 
""period"": 0, 
""script"": ""\nwait until ((#RainSensor).rainsensor_rain == true)\n\n(#Dehumidifier).switch_on()""}",94,version0_15_update20260413,gen-example-version0-15__gpt41_mini,12345,suite_gpt41_mini_gen-example-version0-15_gpt41_mini_15,1,"[""{\""name\"":\""TurnOnDehumidifierWhenRains\"",\""cron\"":\""\"",\""period\"":0,\""code\"":\""wait until ((#RainSensor).rainsensor_rain == true)\\n(#Dehumidifier).switch_on()\""}""]","[{""candidate_index"": 0, ""strategy"": ""direct"", ""prompt_chars"": 100318, ""prompt_tokens"": 26219, ""completion_tokens"": 58, ""total_tokens"": 26277, ""latency_sec"": 2.0236, ""peak_vram_gb"": 0.0, ""load_sec"": 0.0, ""generate_sec"": 0.0, ""prompt_prep_sec"": 0.0, ""decode_sec"": 0.0, ""worker_pid"": 0, ""error_type"": """", ""oom_flag"": false, ""block_manifest"": [{""id"": ""legacy_v13_monolith"", ""path"": ""/home/mgjeong/Desktop/llm/JOILang-Server/gpt_mg/version0_13"", ""metadata"": {""role"": ""generate"", ""prompt_render_mode"": ""legacy_v13_monolith"", ""prompt_assets_dir"": ""/home/mgjeong/Desktop/llm/JOILang-Server/gpt_mg/version0_13"", ""component_files"": ""{\""grammar\"": \""grammar_ver1.5.10.md\"", \""service_prompt\"": \""service_prompt_10.md\"", \""tempo\"": \""tempo_prompt_9.md\"", \""caution\"": \""caution_prompt_8.md\"", \""response_prompt\"": \""response_prompt_baseline_cot.md\""}"", ""service_list_value_count"": ""18"", ""service_list_function_count"": ""12""}}]}]","[""/home/mgjeong/Desktop/llm/JOILang-Server/gpt_mg/version0_15_update20260413/logs/suite_gpt41_mini_gen-example-version0-15_gpt41_mini_15/row_094_cand_1.json""]",ok,2.9952,openai,gpt-4.1-mini,legacy_v13_monolith,/home/mgjeong/Desktop/llm/JOILang-Server/gpt_mg/version0_13,service_retrieval_fallback,10,used,hybrid,10,cpu,"[""HumiditySensor"", ""RainSensor"", ""Dehumidifier"", ""Humidifier"", ""WeatherProvider"", ""ArmRobot"", ""Dishwasher"", ""AirConditioner"", ""Pump"", ""LaundryDryer""]","[2.504671, 2.503671, 1.464899, 0.669429, 0.616438, 1.502671, 0.597476, 0.58367, 0.582613, 0.580754]",,1,0,,[],False,100318,26219,58,26277,2.0236,0.0,"{""name"":""TurnOnDehumidifierWhenRains"",""cron"":"""",""period"":0,""code"":""wait until ((#RainSensor).rainsensor_rain == true)\n(#Dehumidifier).switch_on()""}",0,False,,[],0.001,True,strict,True,1.0,1.0,True,1.0,1.0,1.0,1.0,1.0,1.0,1.0,1.0,True,1.0,100.0,[],"[{""device"": ""RainSensor"", ""service"": ""Rain"", ""canonical_name"": ""RainSensor_Rain"", ""args"": [], ""receiver"": ""(#RainSensor)""}, {""device"": ""Switch"", ""service"": ""On"", ""canonical_name"": ""Switch_On"", ""args"": [], ""receiver"": ""(#Dehumidifier)""}]",0,0,,[],False,0,0,0,0,0.0,0.0
5,4,밝기가 100 럭스 미만이 되면 조명을 켜줘.,"When the brightness falls below 100 lux, turn on the light.","{""name"": """", 
""cron"": """", 
""period"": 0, 
""script"": ""\nwait until ((#LightSensor).Brightness < 100)\n\n(#Light).On()""}",,"{""name"": """", 
""cron"": """", 
""period"": 0, 
""script"": ""\nwait until ((#LightSensor).lightsensor_brightness < 100)\n\n(#Light).switch_on()""}",95,version0_15_update20260413,gen-example-version0-15__gpt41_mini,12345,suite_gpt41_mini_gen-example-version0-15_gpt41_mini_15,1,"[""{\""name\"":\""TurnOnLightWhenBrightnessLow\"",\""cron\"":\""\"",\""period\"":0,\""code\"":\""wait until ((#LightSensor).lightsensor_brightness < 100)\\n(#Light).switch_on()\""}""]","[{""candidate_index"": 0, ""strategy"": ""direct"", ""prompt_chars"": 103292, ""prompt_tokens"": 26983, ""completion_tokens"": 56, ""total_tokens"": 27039, ""latency_sec"": 1.9534, ""peak_vram_gb"": 0.0, ""load_sec"": 0.0, ""generate_sec"": 0.0, ""prompt_prep_sec"": 0.0, ""decode_sec"": 0.0, ""worker_pid"": 0, ""error_type"": """", ""oom_flag"": false, ""block_manifest"": [{""id"": ""legacy_v13_monolith"", ""path"": ""/home/mgjeong/Desktop/llm/JOILang-Server/gpt_mg/version0_13"", ""metadata"": {""role"": ""generate"", ""prompt_render_mode"": ""legacy_v13_monolith"", ""prompt_assets_dir"": ""/home/mgjeong/Desktop/llm/JOILang-Server/gpt_mg/version0_13"", ""component_files"": ""{\""grammar\"": \""grammar_ver1.5.10.md\"", \""service_prompt\"": \""service_prompt_10.md\"", \""tempo\"": \""tempo_prompt_9.md\"", \""caution\"": \""caution_prompt_8.md\"", \""response_prompt\"": \""response_prompt_baseline_cot.md\""}"", ""service_list_value_count"": ""26"", ""service_list_function_count"": ""17""}}]}]","[""/home/mgjeong/Desktop/llm/JOILang-Server/gpt_mg/version0_15_update20260413/logs/suite_gpt41_mini_gen-example-version0-15_gpt41_mini_15/row_095_cand_1.json""]",ok,2.9385,openai,gpt-4.1-mini,legacy_v13_monolith,/home/mgjeong/Desktop/llm/JOILang-Server/gpt_mg/version0_13,service_retrieval_fallback,10,used,hybrid,10,cpu,"[""LightSensor"", ""Light"", ""ColorControl"", ""DimmerSwitch"", ""ArmRobot"", ""Switch"", ""Plug"", ""Charger"", ""SmokeDetector"", ""Television""]","[2.620231, 1.269191, 0.605099, 0.571469, 1.442121, 1.07263, 0.541945, 0.539973, 0.536351, 0.520109]",,1,0,,[],False,103292,26983,56,27039,1.9534,0.0,"{""name"":""TurnOnLightWhenBrightnessLow"",""cron"":"""",""period"":0,""code"":""wait until ((#LightSensor).lightsensor_brightness < 100)\n(#Light).switch_on()""}",0,False,,[],0.001,True,strict,True,1.0,1.0,True,1.0,1.0,1.0,1.0,1.0,1.0,1.0,1.0,True,1.0,100.0,[],"[{""device"": ""LightSensor"", ""service"": ""Brightness"", ""canonical_name"": ""LightSensor_Brightness"", ""args"": [], ""receiver"": ""(#LightSensor)""}, {""device"": ""Switch"", ""service"": ""On"", ""canonical_name"": ""Switch_On"", ""args"": [], ""receiver"": ""(#Light)""}]",0,0,,[],False,0,0,0,0,0.0,0.0
6,4,이산화탄소 농도가 1000ppm 이상이 되면 긴급 사이렌을 울려줘.,"When the carbon dioxide concentration reaches 1000ppm or higher, sound the emergency siren.","{""name"": """", 
""cron"": """", 
""period"": 0, 
""script"": ""\nwait until ((#CarbonDioxideSensor).CarbonDioxide >= 1000)\n\n(#Siren).SetSirenMode(\""emergency\"")""}",,"{""name"": """", 
""cron"": """", 
""period"": 0, 
""script"": ""\nwait until ((#CarbonDioxideSensor).carbondioxidesensor_carbondioxide >= 1000)\n\n(#Siren).siren_setsirenmode(\""emergency\"")""}",96,version0_15_update20260413,gen-example-version0-15__gpt41_mini,12345,suite_gpt41_mini_gen-example-version0-15_gpt41_mini_15,1,"[""{\""name\"":\""EmergencySirenOnHighCO2\"",\""cron\"":\""\"",\""period\"":0,\""code\"":\""wait until ((#AirQualitySensor).airqualitysensor_carbondioxide >= 1000)\\n(#Siren).siren_setsirenmode(\\\""emergency\\\"")\""}""]","[{""candidate_index"": 0, ""strategy"": ""direct"", ""prompt_chars"": 100900, ""prompt_tokens"": 26347, ""completion_tokens"": 69, ""total_tokens"": 26416, ""latency_sec"": 2.3015, ""peak_vram_gb"": 0.0, ""load_sec"": 0.0, ""generate_sec"": 0.0, ""prompt_prep_sec"": 0.0, ""decode_sec"": 0.0, ""worker_pid"": 0, ""error_type"": """", ""oom_flag"": false, ""block_manifest"": [{""id"": ""legacy_v13_monolith"", ""path"": ""/home/mgjeong/Desktop/llm/JOILang-Server/gpt_mg/version0_13"", ""metadata"": {""role"": ""generate"", ""prompt_render_mode"": ""legacy_v13_monolith"", ""prompt_assets_dir"": ""/home/mgjeong/Desktop/llm/JOILang-Server/gpt_mg/version0_13"", ""component_files"": ""{\""grammar\"": \""grammar_ver1.5.10.md\"", \""service_prompt\"": \""service_prompt_10.md\"", \""tempo\"": \""tempo_prompt_9.md\"", \""caution\"": \""caution_prompt_8.md\"", \""response_prompt\"": \""response_prompt_baseline_cot.md\""}"", ""service_list_value_count"": ""27"", ""service_list_function_count"": ""7""}}]}]","[""/home/mgjeong/Desktop/llm/JOILang-Server/gpt_mg/version0_15_update20260413/logs/suite_gpt41_mini_gen-example-version0-15_gpt41_mini_15/row_096_cand_1.json""]",ok,3.3009,openai,gpt-4.1-mini,legacy_v13_monolith,/home/mgjeong/Desktop/llm/JOILang-Server/gpt_mg/version0_13,service_retrieval_fallback,10,used,hybrid,10,cpu,"[""AirQualitySensor"", ""CarbonDioxideSensor"", ""Siren"", ""ArmRobot"", ""Charger"", ""SoundSensor"", ""AirConditioner"", ""SmokeDetector"", ""PresenceVitalSensor"", ""ColorControl""]","[2.816755, 2.815755, 2.814755, 1.532525, 0.60858, 1.248413, 0.571985, 0.567656, 1.141159, 0.564012]",,1,0,,[],False,100900,26347,69,26416,2.3015,0.0,"{""name"":""EmergencySirenOnHighCO2"",""cron"":"""",""period"":0,""code"":""wait until ((#AirQualitySensor).airqualitysensor_carbondioxide >= 1000)\n(#Siren).siren_setsirenmode(\""emergency\"")""}",0,False,,[],0.0014,True,strict,True,1.0,1.0,True,0.666667,1.0,1.0,1.0,1.0,1.0,1.0,1.0,False,0.927027,96.3018,"[""gt_mismatch""]","[{""device"": ""AirQualitySensor"", ""service"": ""CarbonDioxide"", ""canonical_name"": ""AirQualitySensor_CarbonDioxide"", ""args"": [], ""receiver"": ""(#AirQualitySensor)""}, {""device"": ""Siren"", ""service"": ""SetSirenMode"", ""canonical_name"": ""Siren_SetSirenMode"", ""args"": [""\""emergency\""""], ""receiver"": ""(#Siren)""}]",0,0,,[],False,0,0,0,0,0.0,0.0
7,4,연기가 감지되면 사이렌으로 화재경보를 울려줘.,"When smoke is detected, sound the fire alarm with the siren.","{""name"": """", 
""cron"": """", 
""period"": 0, 
""script"": ""\nwait until ((#SmokeDetector).Smoke == true)\n\n(#Siren).SetSirenMode(\""fire\"")""}",,"{""name"": """", 
""cron"": """", 
""period"": 0, 
""script"": ""\nwait until ((#SmokeDetector).smokedetector_smoke == true)\n\n(#Siren).siren_setsirenmode(\""fire\"")""}",97,version0_15_update20260413,gen-example-version0-15__gpt41_mini,12345,suite_gpt41_mini_gen-example-version0-15_gpt41_mini_15,1,"[""{\""name\"":\""SmokeDetectedFireAlarm\"",\""cron\"":\""\"",\""period\"":0,\""code\"":\""wait until ((#SmokeDetector).smokedetector_smoke == true)\\n(#Siren).siren_setsirenmode(\\\""fire\\\"")\""}""]","[{""candidate_index"": 0, ""strategy"": ""direct"", ""prompt_chars"": 101373, ""prompt_tokens"": 26531, ""completion_tokens"": 59, ""total_tokens"": 26590, ""latency_sec"": 2.1412, ""peak_vram_gb"": 0.0, ""load_sec"": 0.0, ""generate_sec"": 0.0, ""prompt_prep_sec"": 0.0, ""decode_sec"": 0.0, ""worker_pid"": 0, ""error_type"": """", ""oom_flag"": false, ""block_manifest"": [{""id"": ""legacy_v13_monolith"", ""path"": ""/home/mgjeong/Desktop/llm/JOILang-Server/gpt_mg/version0_13"", ""metadata"": {""role"": ""generate"", ""prompt_render_mode"": ""legacy_v13_monolith"", ""prompt_assets_dir"": ""/home/mgjeong/Desktop/llm/JOILang-Server/gpt_mg/version0_13"", ""component_files"": ""{\""grammar\"": \""grammar_ver1.5.10.md\"", \""service_prompt\"": \""service_prompt_10.md\"", \""tempo\"": \""tempo_prompt_9.md\"", \""caution\"": \""caution_prompt_8.md\"", \""response_prompt\"": \""response_prompt_baseline_cot.md\""}"", ""service_list_value_count"": ""23"", ""service_list_function_count"": ""10""}}]}]","[""/home/mgjeong/Desktop/llm/JOILang-Server/gpt_mg/version0_15_update20260413/logs/suite_gpt41_mini_gen-example-version0-15_gpt41_mini_15/row_097_cand_1.json""]",ok,3.1203,openai,gpt-4.1-mini,legacy_v13_monolith,/home/mgjeong/Desktop/llm/JOILang-Server/gpt_mg/version0_13,service_retrieval_fallback,10,used,hybrid,10,cpu,"[""PresenceSensor"", ""Siren"", ""SmokeDetector"", ""SoundSensor"", ""ArmRobot"", ""CarbonDioxideSensor"", ""Oven"", ""AirQualitySensor"", ""PresenceVitalSensor"", ""RiceCooker""]","[2.709643, 2.708643, 1.381732, 1.253578, 1.504188, 0.588973, 0.582814, 0.56371, 1.707643, 0.552814]",,1,0,,[],False,101373,26531,59,26590,2.1412,0.0,"{""name"":""SmokeDetectedFireAlarm"",""cron"":"""",""period"":0,""code"":""wait until ((#SmokeDetector).smokedetector_smoke == true)\n(#Siren).siren_setsirenmode(\""fire\"")""}",0,False,,[],0.0011,True,strict,True,1.0,1.0,True,1.0,1.0,1.0,1.0,1.0,1.0,1.0,1.0,True,1.0,100.0,[],"[{""device"": ""SmokeDetector"", ""service"": ""Smoke"", ""canonical_name"": ""SmokeDetector_Smoke"", ""args"": [], ""receiver"": ""(#SmokeDetector)""}, {""device"": ""Siren"", ""service"": ""SetSirenMode"", ""canonical_name"": ""Siren_SetSirenMode"", ""args"": [""\""fire\""""], ""receiver"": ""(#Siren)""}]",0,0,,[],False,0,0,0,0,0.0,0.0
8,4,버튼이 세번 눌리면 벨브를 열어줘.,"When the button is pushed 3 times, open the valve.","{""name"": """", 
""cron"": """", 
""period"": 0, 
""script"": 
""wait until ((#Button).Button == \""pushed_3x\"")\n\n(#Valve).Open()""}",,"{""name"": """", 
""cron"": """", 
""period"": 0, 
""script"": 
""wait until ((#Button).button_button == \""pushed_3x\"")\n\n(#Valve).valve_open()""}",98,version0_15_update20260413,gen-example-version0-15__gpt41_mini,12345,suite_gpt41_mini_gen-example-version0-15_gpt41_mini_15,1,"[""{\""name\"":\""ButtonTriplePushOpenValve\"",\""cron\"":\""\"",\""period\"":0,\""code\"":\""wait until ((#Button).button_button == \\\""pushed_3x\\\"")\\n(#Valve).valve_open()\""}""]","[{""candidate_index"": 0, ""strategy"": ""direct"", ""prompt_chars"": 102534, ""prompt_tokens"": 26951, ""completion_tokens"": 56, ""total_tokens"": 27007, ""latency_sec"": 1.7416, ""peak_vram_gb"": 0.0, ""load_sec"": 0.0, ""generate_sec"": 0.0, ""prompt_prep_sec"": 0.0, ""decode_sec"": 0.0, ""worker_pid"": 0, ""error_type"": """", ""oom_flag"": false, ""block_manifest"": [{""id"": ""legacy_v13_monolith"", ""path"": ""/home/mgjeong/Desktop/llm/JOILang-Server/gpt_mg/version0_13"", ""metadata"": {""role"": ""generate"", ""prompt_render_mode"": ""legacy_v13_monolith"", ""prompt_assets_dir"": ""/home/mgjeong/Desktop/llm/JOILang-Server/gpt_mg/version0_13"", ""component_files"": ""{\""grammar\"": \""grammar_ver1.5.10.md\"", \""service_prompt\"": \""service_prompt_10.md\"", \""tempo\"": \""tempo_prompt_9.md\"", \""caution\"": \""caution_prompt_8.md\"", \""response_prompt\"": \""response_prompt_baseline_cot.md\""}"", ""service_list_value_count"": ""25"", ""service_list_function_count"": ""13""}}]}]","[""/home/mgjeong/Desktop/llm/JOILang-Server/gpt_mg/version0_15_update20260413/logs/suite_gpt41_mini_gen-example-version0-15_gpt41_mini_15/row_098_cand_1.json""]",ok,2.7182,openai,gpt-4.1-mini,legacy_v13_monolith,/home/mgjeong/Desktop/llm/JOILang-Server/gpt_mg/version0_13,service_retrieval_fallback,10,used,hybrid,10,cpu,"[""Valve"", ""Button"", ""ArmRobot"", ""TapDialSwitch"", ""Door"", ""Pump"", ""PresenceVitalSensor"", ""Oven"", ""Safe"", ""DimmerSwitch""]","[1.83272, 1.224542, 1.530514, 1.334895, 1.006167, 0.588815, 1.330526, 0.561888, 0.560484, 1.384622]",,1,0,,[],False,102534,26951,56,27007,1.7416,0.0,"{""name"":""ButtonTriplePushOpenValve"",""cron"":"""",""period"":0,""code"":""wait until ((#Button).button_button == \""pushed_3x\"")\n(#Valve).valve_open()""}",0,False,,[],0.0008,True,strict,True,1.0,1.0,True,1.0,1.0,1.0,1.0,1.0,1.0,1.0,1.0,True,1.0,100.0,[],"[{""device"": ""Button"", ""service"": ""Button"", ""canonical_name"": ""Button_Button"", ""args"": [], ""receiver"": ""(#Button)""}, {""device"": ""Valve"", ""service"": ""Open"", ""canonical_name"": ""Valve_Open"", ""args"": [], ""receiver"": ""(#Valve)""}]",0,0,,[],False,0,0,0,0,0.0,0.0
9,4,온도가 35도 이상이 되면 에어컨의 목표 온도를 30도로 설정해줘.,"When the temperature reaches 35 degrees or higher, set the air conditioner to 30 degrees.","{""name"": """", 
""cron"": """", 
""period"": 0, 
""script"": ""\nwait until ((#TemperatureSensor).Temperature >= 35)\n\n(#AirConditioner).SetTargetTemperature(30)""}",,"{""name"": """", 
""cron"": """", 
""period"": 0, 
""script"": ""\nwait until ((#TemperatureSensor).temperaturesensor_temperature >= 35)\n\n(#AirConditioner).airconditioner_settargettemperature(30)""}",99,version0_15_update20260413,gen-example-version0-15__gpt41_mini,12345,suite_gpt41_mini_gen-example-version0-15_gpt41_mini_15,1,"[""{\""name\"":\""Set AC Target Temp When Hot\"",\""cron\"":\""\"",\""period\"":0,\""code\"":\""wait until ((#TemperatureSensor).temperaturesensor_temperature >= 35)\\n(#AirConditioner).airconditioner_settargettemperature(30)\""}""]","[{""candidate_index"": 0, ""strategy"": ""direct"", ""prompt_chars"": 104376, ""prompt_tokens"": 27282, ""completion_tokens"": 65, ""total_tokens"": 27347, ""latency_sec"": 1.7296, ""peak_vram_gb"": 0.0, ""load_sec"": 0.0, ""generate_sec"": 0.0, ""prompt_prep_sec"": 0.0, ""decode_sec"": 0.0, ""worker_pid"": 0, ""error_type"": """", ""oom_flag"": false, ""block_manifest"": [{""id"": ""legacy_v13_monolith"", ""path"": ""/home/mgjeong/Desktop/llm/JOILang-Server/gpt_mg/version0_13"", ""metadata"": {""role"": ""generate"", ""prompt_render_mode"": ""legacy_v13_monolith"", ""prompt_assets_dir"": ""/home/mgjeong/Desktop/llm/JOILang-Server/gpt_mg/version0_13"", ""component_files"": ""{\""grammar\"": \""grammar_ver1.5.10.md\"", \""service_prompt\"": \""service_prompt_10.md\"", \""tempo\"": \""tempo_prompt_9.md\"", \""caution\"": \""caution_prompt_8.md\"", \""response_prompt\"": \""response_prompt_baseline_cot.md\""}"", ""service_list_value_count"": ""24"", ""service_list_function_count"": ""14""}}]}]","[""/home/mgjeong/Desktop/llm/JOILang-Server/gpt_mg/version0_15_update20260413/logs/suite_gpt41_mini_gen-example-version0-15_gpt41_mini_15/row_099_cand_1.json""]",ok,2.7175,openai,gpt-4.1-mini,legacy_v13_monolith,/home/mgjeong/Desktop/llm/JOILang-Server/gpt_mg/version0_13,service_retrieval_fallback,10,used,hybrid,10,cpu,"[""TemperatureSensor"", ""AirConditioner"", ""AirPurifier"", ""AirQualitySensor"", ""ArmRobot"", ""LaundryDryer"", ""Dishwasher"", ""WeatherProvider"", ""Oven"", ""Dehumidifier""]","[3.528576, 2.527576, 1.342413, 1.08495, 1.675966, 0.772014, 0.747881, 0.836296, 0.761011, 0.723113]",,1,0,,[],False,104376,27282,65,27347,1.7296,0.0,"{""name"":""Set AC Target Temp When Hot"",""cron"":"""",""period"":0,""code"":""wait until ((#TemperatureSensor).temperaturesensor_temperature >= 35)\n(#AirConditioner).airconditioner_settargettemperature(30)""}",0,False,,[],0.0012,True,strict,True,1.0,1.0,True,1.0,1.0,1.0,1.0,1.0,1.0,1.0,1.0,True,1.0,100.0,[],"[{""device"": ""TemperatureSensor"", ""service"": ""Temperature"", ""canonical_name"": ""TemperatureSensor_Temperature"", ""args"": [], ""receiver"": ""(#TemperatureSensor)""}, {""device"": ""AirConditioner"", ""service"": ""SetTargetTemperature"", ""canonical_name"": ""AirConditioner_SetTargetTemperature"", ""args"": [""30""], ""receiver"": ""(#AirConditioner)""}]",0,0,,[],False,0,0,0,0,0.0,0.0
10,4,금고가 열리면 경찰 사이렌을 울려줘.,"When the safe is unlocked, sound the police siren.","{""name"": """", 
""cron"": """", 
""period"": 0, 
""script"": ""\nwait until ((#Safe).SafeState == \""unlocked\"")\n\n(#Siren).SetSirenMode(\""police\"")""}",,"{""name"": """", 
""cron"": """", 
""period"": 0, 
""script"": ""\nwait until ((#Safe).safe_safestate == \""unlocked\"")\n\n(#Siren).siren_setsirenmode(\""police\"")""}",100,version0_15_update20260413,gen-example-version0-15__gpt41_mini,12345,suite_gpt41_mini_gen-example-version0-15_gpt41_mini_15,1,"[""{\""name\"":\""SafeUnlockPoliceSiren\"",\""cron\"":\""\"",\""period\"":0,\""code\"":\""wait until ((#Safe).safe_safestate == \\\""open\\\"")\\n(#Siren).siren_setsirenmode(\\\""police\\\"")\""}""]","[{""candidate_index"": 0, ""strategy"": ""direct"", ""prompt_chars"": 102418, ""prompt_tokens"": 26755, ""completion_tokens"": 60, ""total_tokens"": 26815, ""latency_sec"": 2.6406, ""peak_vram_gb"": 0.0, ""load_sec"": 0.0, ""generate_sec"": 0.0, ""prompt_prep_sec"": 0.0, ""decode_sec"": 0.0, ""worker_pid"": 0, ""error_type"": """", ""oom_flag"": false, ""block_manifest"": [{""id"": ""legacy_v13_monolith"", ""path"": ""/home/mgjeong/Desktop/llm/JOILang-Server/gpt_mg/version0_13"", ""metadata"": {""role"": ""generate"", ""prompt_render_mode"": ""legacy_v13_monolith"", ""prompt_assets_dir"": ""/home/mgjeong/Desktop/llm/JOILang-Server/gpt_mg/version0_13"", ""component_files"": ""{\""grammar\"": \""grammar_ver1.5.10.md\"", \""service_prompt\"": \""service_prompt_10.md\"", \""tempo\"": \""tempo_prompt_9.md\"", \""caution\"": \""caution_prompt_8.md\"", \""response_prompt\"": \""response_prompt_baseline_cot.md\""}"", ""service_list_value_count"": ""19"", ""service_list_function_count"": ""22""}}]}]","[""/home/mgjeong/Desktop/llm/JOILang-Server/gpt_mg/version0_15_update20260413/logs/suite_gpt41_mini_gen-example-version0-15_gpt41_mini_15/row_100_cand_1.json""]",ok,3.6164,openai,gpt-4.1-mini,legacy_v13_monolith,/home/mgjeong/Desktop/llm/JOILang-Server/gpt_mg/version0_13,service_retrieval_fallback,10,used,hybrid,10,cpu,"[""Siren"", ""Safe"", ""SoundSensor"", ""ArmRobot"", ""DoorLock"", ""Door"", ""PresenceVitalSensor"", ""AudioRecorder"", ""PressureSensor"", ""Speaker""]","[2.494953, 1.400764, 1.266307, 1.493953, 0.595021, 0.592193, 1.299542, 0.551512, 0.549064, 0.549005]",,1,0,,[],False,102418,26755,60,26815,2.6406,0.0,"{""name"":""SafeUnlockPoliceSiren"",""cron"":"""",""period"":0,""code"":""wait until ((#Safe).safe_safestate == \""open\"")\n(#Siren).siren_setsirenmode(\""police\"")""}",0,False,,[],0.001,True,strict,True,1.0,1.0,True,0.76,1.0,1.0,1.0,1.0,1.0,1.0,1.0,False,0.977778,97.4889,"[""gt_mismatch""]","[{""device"": ""Safe"", ""service"": ""SafeState"", ""canonical_name"": ""Safe_SafeState"", ""args"": [], ""receiver"": ""(#Safe)""}, {""device"": ""Siren"", ""service"": ""SetSirenMode"", ""canonical_name"": ""Siren_SetSirenMode"", ""args"": [""\""police\""""], ""receiver"": ""(#Siren)""}]",0,0,,[],False,0,0,0,0,0.0,0.0
11,4,누수가 감지되면 벨브를 차단해줘.,"When a leak is detected, close the valve.","{""name"": """", 
""cron"": """", 
""period"": 0, 
""script"": ""\nwait until ((#LeakSensor).Leakage == true)\n\n(#Valve).Close()""}",,"{""name"": """", 
""cron"": """", 
""period"": 0, 
""script"": ""\nwait until ((#LeakSensor).leaksensor_leakage == true)\n\n(#Valve).valve_close()""}",101,version0_15_update20260413,gen-example-version0-15__gpt41_mini,12345,suite_gpt41_mini_gen-example-version0-15_gpt41_mini_15,1,"[""{\""name\"":\""LeakDetectedCloseValve\"",\""cron\"":\""\"",\""period\"":0,\""code\"":\""wait until ((#LeakSensor).leaksensor_leakage == true)\\n(#Valve).valve_close()\""}""]","[{""candidate_index"": 0, ""strategy"": ""direct"", ""prompt_chars"": 99065, ""prompt_tokens"": 25958, ""completion_tokens"": 54, ""total_tokens"": 26012, ""latency_sec"": 1.4452, ""peak_vram_gb"": 0.0, ""load_sec"": 0.0, ""generate_sec"": 0.0, ""prompt_prep_sec"": 0.0, ""decode_sec"": 0.0, ""worker_pid"": 0, ""error_type"": """", ""oom_flag"": false, ""block_manifest"": [{""id"": ""legacy_v13_monolith"", ""path"": ""/home/mgjeong/Desktop/llm/JOILang-Server/gpt_mg/version0_13"", ""metadata"": {""role"": ""generate"", ""prompt_render_mode"": ""legacy_v13_monolith"", ""prompt_assets_dir"": ""/home/mgjeong/Desktop/llm/JOILang-Server/gpt_mg/version0_13"", ""component_files"": ""{\""grammar\"": \""grammar_ver1.5.10.md\"", \""service_prompt\"": \""service_prompt_10.md\"", \""tempo\"": \""tempo_prompt_9.md\"", \""caution\"": \""caution_prompt_8.md\"", \""response_prompt\"": \""response_prompt_baseline_cot.md\""}"", ""service_list_value_count"": ""19"", ""service_list_function_count"": ""11""}}]}]","[""/home/mgjeong/Desktop/llm/JOILang-Server/gpt_mg/version0_15_update20260413/logs/suite_gpt41_mini_gen-example-version0-15_gpt41_mini_15/row_101_cand_1.json""]",ok,2.4001,openai,gpt-4.1-mini,legacy_v13_monolith,/home/mgjeong/Desktop/llm/JOILang-Server/gpt_mg/version0_13,service_retrieval_fallback,10,used,hybrid,10,cpu,"[""PresenceSensor"", ""Valve"", ""LeakSensor"", ""Pump"", ""ArmRobot"", ""PresenceVitalSensor"", ""Door"", ""LevelControl"", ""Safe"", ""Button""]","[2.834767, 1.833767, 1.15516, 0.609426, 1.512149, 1.458599, 0.990068, 0.574346, 0.569215, 0.568062]",,1,0,,[],False,99065,25958,54,26012,1.4452,0.0,"{""name"":""LeakDetectedCloseValve"",""cron"":"""",""period"":0,""code"":""wait until ((#LeakSensor).leaksensor_leakage == true)\n(#Valve).valve_close()""}",0,False,,[],0.0007,True,strict,True,1.0,1.0,True,1.0,1.0,1.0,1.0,1.0,1.0,1.0,1.0,True,1.0,100.0,[],"[{""device"": ""LeakSensor"", ""service"": ""Leakage"", ""canonical_name"": ""LeakSensor_Leakage"", ""args"": [], ""receiver"": ""(#LeakSensor)""}, {""device"": ""Valve"", ""service"": ""Close"", ""canonical_name"": ""Valve_Close"", ""args"": [], ""receiver"": ""(#Valve)""}]",0,0,,[],False,0,0,0,0,0.0,0.0
12,4,습도가 80%보다 커지면 제습기를 건조 모드로 작동시켜줘.,"When the humidity exceeds 80%, start the dehumidifier in drying mode.","{""name"": """", 
""cron"": """", 
""period"": 0, 
""script"": ""\nwait until ((#HumiditySensor).Humidity > 80)\n\n(#Dehumidifier).SetDehumidifierMode(\""drying\"")""}",,"{""name"": """", 
""cron"": """", 
""period"": 0, 
""script"": ""\nwait until ((#HumiditySensor).humiditysensor_humidity > 80)\n\n(#Dehumidifier).dehumidifier_setdehumidifiermode(\""drying\"")""}",102,version0_15_update20260413,gen-example-version0-15__gpt41_mini,12345,suite_gpt41_mini_gen-example-version0-15_gpt41_mini_15,1,"[""{\""name\"":\""DehumidifierDryingModeOnHighHumidity\"",\""cron\"":\""\"",\""period\"":0,\""code\"":\""wait until ((#HumiditySensor).humiditysensor_humidity > 80)\\n(#Dehumidifier).dehumidifier_setdehumidifiermode(\\\""drying\\\"")\""}""]","[{""candidate_index"": 0, ""strategy"": ""direct"", ""prompt_chars"": 103036, ""prompt_tokens"": 26934, ""completion_tokens"": 70, ""total_tokens"": 27004, ""latency_sec"": 2.1385, ""peak_vram_gb"": 0.0, ""load_sec"": 0.0, ""generate_sec"": 0.0, ""prompt_prep_sec"": 0.0, ""decode_sec"": 0.0, ""worker_pid"": 0, ""error_type"": """", ""oom_flag"": false, ""block_manifest"": [{""id"": ""legacy_v13_monolith"", ""path"": ""/home/mgjeong/Desktop/llm/JOILang-Server/gpt_mg/version0_13"", ""metadata"": {""role"": ""generate"", ""prompt_render_mode"": ""legacy_v13_monolith"", ""prompt_assets_dir"": ""/home/mgjeong/Desktop/llm/JOILang-Server/gpt_mg/version0_13"", ""component_files"": ""{\""grammar\"": \""grammar_ver1.5.10.md\"", \""service_prompt\"": \""service_prompt_10.md\"", \""tempo\"": \""tempo_prompt_9.md\"", \""caution\"": \""caution_prompt_8.md\"", \""response_prompt\"": \""response_prompt_baseline_cot.md\""}"", ""service_list_value_count"": ""24"", ""service_list_function_count"": ""12""}}]}]","[""/home/mgjeong/Desktop/llm/JOILang-Server/gpt_mg/version0_15_update20260413/logs/suite_gpt41_mini_gen-example-version0-15_gpt41_mini_15/row_102_cand_1.json""]",ok,3.082,openai,gpt-4.1-mini,legacy_v13_monolith,/home/mgjeong/Desktop/llm/JOILang-Server/gpt_mg/version0_13,service_retrieval_fallback,10,used,hybrid,10,cpu,"[""HumiditySensor"", ""Dehumidifier"", ""Humidifier"", ""Dishwasher"", ""LaundryDryer"", ""AirConditioner"", ""WeatherProvider"", ""AirQualitySensor"", ""AirPurifier"", ""ArmRobot""]","[2.76983, 1.76883, 0.973609, 0.92331, 0.884364, 0.842224, 0.916652, 0.902183, 0.854206, 1.503007]",,1,0,,[],False,103036,26934,70,27004,2.1385,0.0,"{""name"":""DehumidifierDryingModeOnHighHumidity"",""cron"":"""",""period"":0,""code"":""wait until ((#HumiditySensor).humiditysensor_humidity > 80)\n(#Dehumidifier).dehumidifier_setdehumidifiermode(\""drying\"")""}",0,False,,[],0.001,True,strict,True,1.0,1.0,True,1.0,1.0,1.0,1.0,1.0,1.0,1.0,1.0,True,1.0,100.0,[],"[{""device"": ""HumiditySensor"", ""service"": ""Humidity"", ""canonical_name"": ""HumiditySensor_Humidity"", ""args"": [], ""receiver"": ""(#HumiditySensor)""}, {""device"": ""Dehumidifier"", ""service"": ""SetDehumidifierMode"", ""canonical_name"": ""Dehumidifier_SetDehumidifierMode"", ""args"": [""\""drying\""""], ""receiver"": ""(#Dehumidifier)""}]",0,0,,[],False,0,0,0,0,0.0,0.0
13,4,움직임이 감지되면 조명을 켜줘.,"When motion is detected, turn on the light.","{""name"": """", 
""cron"": """", 
""period"": 0, 
""script"": ""\nwait until ((#MotionSensor).Motion == true)\n\n(#Light).On()""}",,"{""name"": """", 
""cron"": """", 
""period"": 0, 
""script"": ""\nwait until ((#MotionSensor).motionsensor_motion == true)\n\n(#Light).switch_on()""}",103,version0_15_update20260413,gen-example-version0-15__gpt41_mini,12345,suite_gpt41_mini_gen-example-version0-15_gpt41_mini_15,1,"[""{\""name\"":\""MotionDetectedTurnOnLight\"",\""cron\"":\""\"",\""period\"":100,\""code\"":\""triggered := false\\nif ((#MotionSensor).motionsensor_motion == true) {\\n  if (triggered == false) {\\n    (#Light).switch_on()\\n    triggered = true\\n  }\\n} else {\\n  triggered = false\\n}\""}""]","[{""candidate_index"": 0, ""strategy"": ""direct"", ""prompt_chars"": 103338, ""prompt_tokens"": 26942, ""completion_tokens"": 85, ""total_tokens"": 27027, ""latency_sec"": 2.2659, ""peak_vram_gb"": 0.0, ""load_sec"": 0.0, ""generate_sec"": 0.0, ""prompt_prep_sec"": 0.0, ""decode_sec"": 0.0, ""worker_pid"": 0, ""error_type"": """", ""oom_flag"": false, ""block_manifest"": [{""id"": ""legacy_v13_monolith"", ""path"": ""/home/mgjeong/Desktop/llm/JOILang-Server/gpt_mg/version0_13"", ""metadata"": {""role"": ""generate"", ""prompt_render_mode"": ""legacy_v13_monolith"", ""prompt_assets_dir"": ""/home/mgjeong/Desktop/llm/JOILang-Server/gpt_mg/version0_13"", ""component_files"": ""{\""grammar\"": \""grammar_ver1.5.10.md\"", \""service_prompt\"": \""service_prompt_10.md\"", \""tempo\"": \""tempo_prompt_9.md\"", \""caution\"": \""caution_prompt_8.md\"", \""response_prompt\"": \""response_prompt_baseline_cot.md\""}"", ""service_list_value_count"": ""27"", ""service_list_function_count"": ""14""}}]}]","[""/home/mgjeong/Desktop/llm/JOILang-Server/gpt_mg/version0_15_update20260413/logs/suite_gpt41_mini_gen-example-version0-15_gpt41_mini_15/row_103_cand_1.json""]",ok,3.2305,openai,gpt-4.1-mini,legacy_v13_monolith,/home/mgjeong/Desktop/llm/JOILang-Server/gpt_mg/version0_13,service_retrieval_fallback,10,used,hybrid,10,cpu,"[""PresenceSensor"", ""LightSensor"", ""Light"", ""MotionSensor"", ""ColorControl"", ""DimmerSwitch"", ""ArmRobot"", ""Switch"", ""PresenceVitalSensor"", ""SmokeDetector""]","[2.47227, 1.084832, 0.908113, 1.26665, 0.591072, 0.760836, 1.47127, 1.101691, 1.29607, 0.546948]",,1,0,,[],False,103338,26942,85,27027,2.2659,0.0,"{""name"":""MotionDetectedTurnOnLight"",""cron"":"""",""period"":100,""code"":""triggered := false\nif ((#MotionSensor).motionsensor_motion == true) {\n  if (triggered == false) {\n    (#Light).switch_on()\n    triggered = true\n  }\n} else {\n  triggered = false\n}""}",0,False,,[],0.0014,True,strict,True,1.0,1.0,True,0.52,1.0,1.0,1.0,1.0,1.0,1.0,1.0,False,0.52757,92.8379,"[""gt_mismatch"", ""semantic""]","[{""device"": ""MotionSensor"", ""service"": ""Motion"", ""canonical_name"": ""MotionSensor_Motion"", ""args"": [], ""receiver"": ""(#MotionSensor)""}, {""device"": ""Switch"", ""service"": ""On"", ""canonical_name"": ""Switch_On"", ""args"": [], ""receiver"": ""(#Light)""}]",0,0,,[],False,0,0,0,0,0.0,0.0
14,4,내부 초미세먼지 농도가 35 이상이 되면 공기청정기를 강하게 틀어줘.,"When the indoor very fine dust level becomes 35 or higher, set the air purifier to high.","{""name"": """", 
""cron"": """", 
""period"": 0, 
""script"": ""\nwait until ((#AirQualitySensor).VeryFineDustLevel >= 35)\n\n(#AirPurifier).SetAirPurifierMode(\""high\"")""}",,"{""name"": """", 
""cron"": """", 
""period"": 0, 
""script"": ""\nwait until ((#AirQualitySensor).airqualitysensor_veryfinedustlevel >= 35)\n\n(#AirPurifier).airpurifier_setairpurifiermode(\""high\"")""}",104,version0_15_update20260413,gen-example-version0-15__gpt41_mini,12345,suite_gpt41_mini_gen-example-version0-15_gpt41_mini_15,1,"[""{\""name\"":\""IndoorVeryFineDustHighAirPurifierHigh\"",\""cron\"":\""\"",\""period\"":0,\""code\"":\""wait until ((#AirQualitySensor).airqualitysensor_veryfinedustlevel >= 35)\\n(#AirPurifier).airpurifier_setairpurifiermode(\\\""high\\\"")\""}""]","[{""candidate_index"": 0, ""strategy"": ""direct"", ""prompt_chars"": 99803, ""prompt_tokens"": 26119, ""completion_tokens"": 73, ""total_tokens"": 26192, ""latency_sec"": 1.8525, ""peak_vram_gb"": 0.0, ""load_sec"": 0.0, ""generate_sec"": 0.0, ""prompt_prep_sec"": 0.0, ""decode_sec"": 0.0, ""worker_pid"": 0, ""error_type"": """", ""oom_flag"": false, ""block_manifest"": [{""id"": ""legacy_v13_monolith"", ""path"": ""/home/mgjeong/Desktop/llm/JOILang-Server/gpt_mg/version0_13"", ""metadata"": {""role"": ""generate"", ""prompt_render_mode"": ""legacy_v13_monolith"", ""prompt_assets_dir"": ""/home/mgjeong/Desktop/llm/JOILang-Server/gpt_mg/version0_13"", ""component_files"": ""{\""grammar\"": \""grammar_ver1.5.10.md\"", \""service_prompt\"": \""service_prompt_10.md\"", \""tempo\"": \""tempo_prompt_9.md\"", \""caution\"": \""caution_prompt_8.md\"", \""response_prompt\"": \""response_prompt_baseline_cot.md\""}"", ""service_list_value_count"": ""18"", ""service_list_function_count"": ""11""}}]}]","[""/home/mgjeong/Desktop/llm/JOILang-Server/gpt_mg/version0_15_update20260413/logs/suite_gpt41_mini_gen-example-version0-15_gpt41_mini_15/row_104_cand_1.json""]",ok,2.8372,openai,gpt-4.1-mini,legacy_v13_monolith,/home/mgjeong/Desktop/llm/JOILang-Server/gpt_mg/version0_13,service_retrieval_fallback,10,used,hybrid,10,cpu,"[""Door"", ""AirPurifier"", ""AirQualitySensor"", ""AirConditioner"", ""Dishwasher"", ""RobotVacuumCleaner"", ""SmokeDetector"", ""LaundryDryer"", ""ColorControl"", ""Dehumidifier""]","[4.035048, 2.164135, 3.034048, 1.336544, 0.807239, 0.780312, 0.613615, 0.781141, 0.758967, 0.748314]",,1,0,,[],False,99803,26119,73,26192,1.8525,0.0,"{""name"":""IndoorVeryFineDustHighAirPurifierHigh"",""cron"":"""",""period"":0,""code"":""wait until ((#AirQualitySensor).airqualitysensor_veryfinedustlevel >= 35)\n(#AirPurifier).airpurifier_setairpurifiermode(\""high\"")""}",0,False,,[],0.001,True,strict,True,1.0,1.0,True,1.0,1.0,1.0,1.0,1.0,1.0,1.0,1.0,True,1.0,100.0,[],"[{""device"": ""AirQualitySensor"", ""service"": ""VeryFineDustLevel"", ""canonical_name"": ""AirQualitySensor_VeryFineDustLevel"", ""args"": [], ""receiver"": ""(#AirQualitySensor)""}, {""device"": ""AirPurifier"", ""service"": ""SetAirPurifierMode"", ""canonical_name"": ""AirPurifier_SetAirPurifierMode"", ""args"": [""\""high\""""], ""receiver"": ""(#AirPurifier)""}]",0,0,,[],False,0,0,0,0,0.0,0.0
15,4,충전 전압이 250V보다 높아지면 충전을 중단해줘.,"When the charging voltage exceeds 250V, stop charging.","{""name"": """", 
""cron"": """", 
""period"": 0, 
""script"": ""\nwait until ((#Charger).Voltage > 250000)\n\n(#Charger).Off()""}",,"{""name"": """", 
""cron"": """", 
""period"": 0, 
""script"": ""\nwait until ((#Charger).charger_voltage > 250000)\n\n(#Charger).switch_off()""}",105,version0_15_update20260413,gen-example-version0-15__gpt41_mini,12345,suite_gpt41_mini_gen-example-version0-15_gpt41_mini_15,1,"[""{\""name\"":\""StopChargingWhenVoltageHigh\"",\""cron\"":\""\"",\""period\"":0,\""code\"":\""wait until ((#Charger).charger_voltage > 250000)\\n(#Charger).switch_off()\""}""]","[{""candidate_index"": 0, ""strategy"": ""direct"", ""prompt_chars"": 99805, ""prompt_tokens"": 26080, ""completion_tokens"": 53, ""total_tokens"": 26133, ""latency_sec"": 1.9107, ""peak_vram_gb"": 0.0, ""load_sec"": 0.0, ""generate_sec"": 0.0, ""prompt_prep_sec"": 0.0, ""decode_sec"": 0.0, ""worker_pid"": 0, ""error_type"": """", ""oom_flag"": false, ""block_manifest"": [{""id"": ""legacy_v13_monolith"", ""path"": ""/home/mgjeong/Desktop/llm/JOILang-Server/gpt_mg/version0_13"", ""metadata"": {""role"": ""generate"", ""prompt_render_mode"": ""legacy_v13_monolith"", ""prompt_assets_dir"": ""/home/mgjeong/Desktop/llm/JOILang-Server/gpt_mg/version0_13"", ""component_files"": ""{\""grammar\"": \""grammar_ver1.5.10.md\"", \""service_prompt\"": \""service_prompt_10.md\"", \""tempo\"": \""tempo_prompt_9.md\"", \""caution\"": \""caution_prompt_8.md\"", \""response_prompt\"": \""response_prompt_baseline_cot.md\""}"", ""service_list_value_count"": ""24"", ""service_list_function_count"": ""8""}}]}]","[""/home/mgjeong/Desktop/llm/JOILang-Server/gpt_mg/version0_15_update20260413/logs/suite_gpt41_mini_gen-example-version0-15_gpt41_mini_15/row_105_cand_1.json""]",ok,2.8839,openai,gpt-4.1-mini,legacy_v13_monolith,/home/mgjeong/Desktop/llm/JOILang-Server/gpt_mg/version0_13,service_retrieval_fallback,10,used,hybrid,10,cpu,"[""Charger"", ""Plug"", ""ArmRobot"", ""CarbonDioxideSensor"", ""PresenceVitalSensor"", ""Pump"", ""PressureSensor"", ""ColorControl"", ""Safe"", ""LevelControl""]","[2.307654, 1.090755, 1.513237, 0.573471, 0.845046, 0.547161, 0.543472, 0.542808, 0.541598, 0.541131]",,1,0,,[],False,99805,26080,53,26133,1.9107,0.0,"{""name"":""StopChargingWhenVoltageHigh"",""cron"":"""",""period"":0,""code"":""wait until ((#Charger).charger_voltage > 250000)\n(#Charger).switch_off()""}",0,False,,[],0.0007,True,strict,True,1.0,1.0,True,1.0,1.0,1.0,1.0,1.0,1.0,1.0,1.0,True,1.0,100.0,[],"[{""device"": ""Charger"", ""service"": ""Voltage"", ""canonical_name"": ""Charger_Voltage"", ""args"": [], ""receiver"": ""(#Charger)""}, {""device"": ""Switch"", ""service"": ""Off"", ""canonical_name"": ""Switch_Off"", ""args"": [], ""receiver"": ""(#Charger)""}]",0,0,,[],False,0,0,0,0,0.0,0.0
16,4,현관 도어락이 잠금해제되면 거실 조명을 켜줘.,"When the entrance door lock is unlocked, turn on the living room light.","{""name"": """", 
""cron"": """", 
""period"": 0, 
""script"": ""\nwait until ((#Entrance #DoorLock).DoorLockState == \""unlocked\"")\n\n(#LivingRoom #Light).On()""}","{'Entrance_DoorLock': {'category': 'DoorLock', 'tags': ['Entrance', 'DoorLock']}, 'BackDoor_DoorLock': {'category': 'DoorLock', 'tags': ['BackDoor', 'DoorLock']}, 'LivingRoom_Light': {'category': ['Light', 'Switch'], 'tags': ['LivingRoom', 'Light', 'Switch']}}","{""name"": """", 
""cron"": """", 
""period"": 0, 
""script"": ""\nwait until ((#Entrance #DoorLock).doorlock_doorlockstate == \""unlocked\"")\n\n(#LivingRoom #Light).switch_on()""}",106,version0_15_update20260413,gen-example-version0-15__gpt41_mini,12345,suite_gpt41_mini_gen-example-version0-15_gpt41_mini_15,1,"[""{\""name\"":\""EntranceDoorUnlockTurnOnLivingRoomLight\"",\""cron\"":\""\"",\""period\"":0,\""code\"":\""prev := (#DoorLock).doorlock_doorlockstate\\n\\ncurr = (#DoorLock).doorlock_doorlockstate\\n\\nif (prev != \\\""closed\\\"" and curr == \\\""closed\\\"") {\\n\\n    (#Entrance #Light).levelcontrol_movetolevel(100, 0)\\n\\n    delay(10 SEC)\\n\\n    (#Entrance #Light).switch_off()\\n\\n}\\n\\nprev = curr\""}""]","[{""candidate_index"": 0, ""strategy"": ""direct"", ""prompt_chars"": 95793, ""prompt_tokens"": 25029, ""completion_tokens"": 62, ""total_tokens"": 25091, ""latency_sec"": 3.4955, ""peak_vram_gb"": 0.0, ""load_sec"": 0.0, ""generate_sec"": 0.0, ""prompt_prep_sec"": 0.0, ""decode_sec"": 0.0, ""worker_pid"": 0, ""error_type"": """", ""oom_flag"": false, ""block_manifest"": [{""id"": ""legacy_v13_monolith"", ""path"": ""/home/mgjeong/Desktop/llm/JOILang-Server/gpt_mg/version0_13"", ""metadata"": {""role"": ""generate"", ""prompt_render_mode"": ""legacy_v13_monolith"", ""prompt_assets_dir"": ""/home/mgjeong/Desktop/llm/JOILang-Server/gpt_mg/version0_13"", ""component_files"": ""{\""grammar\"": \""grammar_ver1.5.10.md\"", \""service_prompt\"": \""service_prompt_10.md\"", \""tempo\"": \""tempo_prompt_9.md\"", \""caution\"": \""caution_prompt_8.md\"", \""response_prompt\"": \""response_prompt_baseline_cot.md\""}"", ""service_list_value_count"": ""10"", ""service_list_function_count"": ""12""}}]}]","[""/home/mgjeong/Desktop/llm/JOILang-Server/gpt_mg/version0_15_update20260413/logs/suite_gpt41_mini_gen-example-version0-15_gpt41_mini_15/row_106_cand_1.json""]",ok,3.5064,openai,gpt-4.1-mini,legacy_v13_monolith,/home/mgjeong/Desktop/llm/JOILang-Server/gpt_mg/version0_13,connected_devices_only,3,skipped_connected_devices_present,hybrid,10,cpu,[],[],,1,0,,[],False,95793,25029,62,25091,3.4955,0.0,"{""name"":""EntranceDoorUnlockTurnOnLivingRoomLight"",""cron"":"""",""period"":0,""code"":""prev := (#DoorLock).doorlock_doorlockstate\n\ncurr = (#DoorLock).doorlock_doorlockstate\n\nif (prev != \""closed\"" and curr == \""closed\"") {\n\n    (#Entrance #Light).levelcontrol_movetolevel(100, 0)\n\n    delay(10 SEC)\n\n    (#Entrance #Light).switch_off()\n\n}\n\nprev = curr""}",0,False,,[],0.0018,True,strict,True,1.0,1.0,True,0.533333,0.75,0.5,0.333333,0.5,1.0,1.0,1.0,False,0.472833,69.9,"[""extraneous"", ""gt_mismatch"", ""gt_receiver_coverage"", ""gt_service_coverage"", ""semantic""]","[{""device"": ""DoorLock"", ""service"": ""DoorLockState"", ""canonical_name"": ""DoorLock_DoorLockState"", ""args"": [], ""receiver"": ""(#DoorLock)""}, {""device"": ""DoorLock"", ""service"": ""DoorLockState"", ""canonical_name"": ""DoorLock_DoorLockState"", ""args"": [], ""receiver"": ""(#DoorLock)""}, {""device"": ""LevelControl"", ""service"": ""MoveToLevel"", ""canonical_name"": ""LevelControl_MoveToLevel"", ""args"": [""100"", ""0""], ""receiver"": ""(#Entrance #Light)""}, {""device"": ""Switch"", ""service"": ""Off"", ""canonical_name"": ""Switch_Off"", ""args"": [], ""receiver"": ""(#Entrance #Light)""}]",0,0,,[],False,0,0,0,0,0.0,0.0
17,4,침실에 움직임이 감지되면 침실 에어컨을 켜줘.,"When motion is detected in the bedroom, turn on the bedroom air conditioner.","{""name"": """", 
""cron"": """", 
""period"": 0, 
""script"": ""\nwait until ((#Bedroom #MotionSensor).Motion == true)\n\n(#Bedroom #AirConditioner).SetAirConditionerMode(\""auto\"")""}","{'Bedroom_Motion': {'category': 'MotionSensor', 'tags': ['Bedroom', 'MotionSensor']}, 'LivingRoom_Motion': {'category': 'MotionSensor', 'tags': ['LivingRoom', 'MotionSensor']}, 'Bedroom_AC': {'category': 'AirConditioner', 'tags': ['Bedroom', 'AirConditioner', 'Switch']}}","{""name"": """", 
""cron"": """", 
""period"": 0, 
""script"": ""\nwait until ((#Bedroom #MotionSensor).motionsensor_motion == true)\n\n(#Bedroom #AirConditioner).airconditioner_setairconditionermode(\""auto\"")""}",107,version0_15_update20260413,gen-example-version0-15__gpt41_mini,12345,suite_gpt41_mini_gen-example-version0-15_gpt41_mini_15,1,"[""{\""name\"":\""BedroomMotionTurnOnAC\"",\""cron\"":\""\"",\""period\"":100,\""code\"":\""triggered := false\\nif ((#Bedroom #MotionSensor).motionsensor_motion == true) {\\n  if (triggered == false) {\\n    (#Bedroom #AirConditioner).switch_on()\\n    triggered = true\\n  }\\n} else {\\n  triggered = false\\n}\""}""]","[{""candidate_index"": 0, ""strategy"": ""direct"", ""prompt_chars"": 89272, ""prompt_tokens"": 23335, ""completion_tokens"": 91, ""total_tokens"": 23426, ""latency_sec"": 3.6872, ""peak_vram_gb"": 0.0, ""load_sec"": 0.0, ""generate_sec"": 0.0, ""prompt_prep_sec"": 0.0, ""decode_sec"": 0.0, ""worker_pid"": 0, ""error_type"": """", ""oom_flag"": false, ""block_manifest"": [{""id"": ""legacy_v13_monolith"", ""path"": ""/home/mgjeong/Desktop/llm/JOILang-Server/gpt_mg/version0_13"", ""metadata"": {""role"": ""generate"", ""prompt_render_mode"": ""legacy_v13_monolith"", ""prompt_assets_dir"": ""/home/mgjeong/Desktop/llm/JOILang-Server/gpt_mg/version0_13"", ""component_files"": ""{\""grammar\"": \""grammar_ver1.5.10.md\"", \""service_prompt\"": \""service_prompt_10.md\"", \""tempo\"": \""tempo_prompt_9.md\"", \""caution\"": \""caution_prompt_8.md\"", \""response_prompt\"": \""response_prompt_baseline_cot.md\""}"", ""service_list_value_count"": ""3"", ""service_list_function_count"": ""2""}}]}]","[""/home/mgjeong/Desktop/llm/JOILang-Server/gpt_mg/version0_15_update20260413/logs/suite_gpt41_mini_gen-example-version0-15_gpt41_mini_15/row_107_cand_1.json""]",ok,3.6962,openai,gpt-4.1-mini,legacy_v13_monolith,/home/mgjeong/Desktop/llm/JOILang-Server/gpt_mg/version0_13,connected_devices_only,3,skipped_connected_devices_present,hybrid,10,cpu,[],[],,1,0,,[],False,89272,23335,91,23426,3.6872,0.0,"{""name"":""BedroomMotionTurnOnAC"",""cron"":"""",""period"":100,""code"":""triggered := false\nif ((#Bedroom #MotionSensor).motionsensor_motion == true) {\n  if (triggered == false) {\n    (#Bedroom #AirConditioner).switch_on()\n    triggered = true\n  }\n} else {\n  triggered = false\n}""}",0,False,,[],0.0014,True,strict,True,1.0,1.0,True,0.52,1.0,0.5,0.5,0.5,1.0,1.0,0.0,False,0.415033,69.7752,"[""enum_grounding"", ""gt_mismatch"", ""gt_receiver_coverage"", ""gt_service_coverage"", ""semantic""]","[{""device"": ""MotionSensor"", ""service"": ""Motion"", ""canonical_name"": ""MotionSensor_Motion"", ""args"": [], ""receiver"": ""(#Bedroom #MotionSensor)""}, {""device"": ""Switch"", ""service"": ""On"", ""canonical_name"": ""Switch_On"", ""args"": [], ""receiver"": ""(#Bedroom #AirConditioner)""}]",0,0,,[],False,0,0,0,0,0.0,0.0
18,4,주방에 연기가 감지되면 주방 벨브를 잠궈줘.,"When a smoke is detected in the kitchen, close the kitchen valve.","{""name"": """", 
""cron"": """", 
""period"": 0, 
""script"": ""\nwait until ((#Kitchen #SmokeDetector).Smoke == true)\n\n(#Kitchen #Valve).Close()""}","{'Kitchen_Smoke': {'category': 'SmokeDetector', 'tags': ['Kitchen', 'SmokeDetector']}, 'Laundry_Smoke': {'category': 'SmokeDetector', 'tags': ['LaundryDryer', 'SmokeDetector']}, 'Kitchen_Valve': {'category': 'Valve', 'tags': ['Kitchen', 'Valve']}}","{""name"": """", 
""cron"": """", 
""period"": 0, 
""script"": ""\nwait until ((#Kitchen #SmokeDetector).smokedetector_smoke == true)\n\n(#Kitchen #Valve).valve_close()""}",108,version0_15_update20260413,gen-example-version0-15__gpt41_mini,12345,suite_gpt41_mini_gen-example-version0-15_gpt41_mini_15,1,"[""{\""name\"":\""SmokeDetectedCloseKitchenValve\"",\""cron\"":\""\"",\""period\"":0,\""code\"":\""wait until ((#Kitchen #SmokeDetector).smokedetector_smoke == true)\\n(#Kitchen #Valve).valve_close()\""}""]","[{""candidate_index"": 0, ""strategy"": ""direct"", ""prompt_chars"": 88372, ""prompt_tokens"": 23154, ""completion_tokens"": 59, ""total_tokens"": 23213, ""latency_sec"": 1.8732, ""peak_vram_gb"": 0.0, ""load_sec"": 0.0, ""generate_sec"": 0.0, ""prompt_prep_sec"": 0.0, ""decode_sec"": 0.0, ""worker_pid"": 0, ""error_type"": """", ""oom_flag"": false, ""block_manifest"": [{""id"": ""legacy_v13_monolith"", ""path"": ""/home/mgjeong/Desktop/llm/JOILang-Server/gpt_mg/version0_13"", ""metadata"": {""role"": ""generate"", ""prompt_render_mode"": ""legacy_v13_monolith"", ""prompt_assets_dir"": ""/home/mgjeong/Desktop/llm/JOILang-Server/gpt_mg/version0_13"", ""component_files"": ""{\""grammar\"": \""grammar_ver1.5.10.md\"", \""service_prompt\"": \""service_prompt_10.md\"", \""tempo\"": \""tempo_prompt_9.md\"", \""caution\"": \""caution_prompt_8.md\"", \""response_prompt\"": \""response_prompt_baseline_cot.md\""}"", ""service_list_value_count"": ""2"", ""service_list_function_count"": ""2""}}]}]","[""/home/mgjeong/Desktop/llm/JOILang-Server/gpt_mg/version0_15_update20260413/logs/suite_gpt41_mini_gen-example-version0-15_gpt41_mini_15/row_108_cand_1.json""]",ok,1.8819,openai,gpt-4.1-mini,legacy_v13_monolith,/home/mgjeong/Desktop/llm/JOILang-Server/gpt_mg/version0_13,connected_devices_only,3,skipped_connected_devices_present,hybrid,10,cpu,[],[],,1,0,,[],False,88372,23154,59,23213,1.8732,0.0,"{""name"":""SmokeDetectedCloseKitchenValve"",""cron"":"""",""period"":0,""code"":""wait until ((#Kitchen #SmokeDetector).smokedetector_smoke == true)\n(#Kitchen #Valve).valve_close()""}",0,False,,[],0.0009,True,strict,True,1.0,1.0,True,1.0,1.0,1.0,1.0,1.0,1.0,1.0,1.0,True,1.0,100.0,[],"[{""device"": ""SmokeDetector"", ""service"": ""Smoke"", ""canonical_name"": ""SmokeDetector_Smoke"", ""args"": [], ""receiver"": ""(#Kitchen #SmokeDetector)""}, {""device"": ""Valve"", ""service"": ""Close"", ""canonical_name"": ""Valve_Close"", ""args"": [], ""receiver"": ""(#Kitchen #Valve)""}]",0,0,,[],False,0,0,0,0,0.0,0.0
19,4,서재 미세먼지 농도가 30 이상이 되면 서재 공기청정기를 켜줘.,"When the fine dust level in the study reaches 30 or higher, turn on the study air purifier.","{""name"": """", 
""cron"": """", 
""period"": 0, 
""script"": ""\nwait until ((#Study #AirQualitySensor).FineDustLevel >= 30)\n\n(#Study #AirPurifier).On()""}","{'Study_AQ': {'category': 'AirQualitySensor', 'tags': ['Study', 'AirQualitySensor']}, 'LivingRoom_AQ': {'category': 'AirQualitySensor', 'tags': ['LivingRoom', 'AirQualitySensor']}, 'Study_AP': {'category': ['AirPurifier', 'Switch'], 'tags': ['Study', 'AirPurifier', 'Switch']}}","{""name"": """", 
""cron"": """", 
""period"": 0, 
""script"": ""\nwait until ((#Study #AirQualitySensor).airqualitysensor_finedustlevel >= 30)\n\n(#Study #AirPurifier).switch_on()""}",109,version0_15_update20260413,gen-example-version0-15__gpt41_mini,12345,suite_gpt41_mini_gen-example-version0-15_gpt41_mini_15,1,"[""{\""name\"":\""StudyFineDustAirPurifierOn\"",\""cron\"":\""\"",\""period\"":0,\""code\"":\""wait until ((#Study #AirQualitySensor).airqualitysensor_finedustlevel >= 30)\\n(#Study #AirPurifier).switch_on()\""}""]","[{""candidate_index"": 0, ""strategy"": ""direct"", ""prompt_chars"": 92248, ""prompt_tokens"": 24173, ""completion_tokens"": 67, ""total_tokens"": 24240, ""latency_sec"": 1.5801, ""peak_vram_gb"": 0.0, ""load_sec"": 0.0, ""generate_sec"": 0.0, ""prompt_prep_sec"": 0.0, ""decode_sec"": 0.0, ""worker_pid"": 0, ""error_type"": """", ""oom_flag"": false, ""block_manifest"": [{""id"": ""legacy_v13_monolith"", ""path"": ""/home/mgjeong/Desktop/llm/JOILang-Server/gpt_mg/version0_13"", ""metadata"": {""role"": ""generate"", ""prompt_render_mode"": ""legacy_v13_monolith"", ""prompt_assets_dir"": ""/home/mgjeong/Desktop/llm/JOILang-Server/gpt_mg/version0_13"", ""component_files"": ""{\""grammar\"": \""grammar_ver1.5.10.md\"", \""service_prompt\"": \""service_prompt_10.md\"", \""tempo\"": \""tempo_prompt_9.md\"", \""caution\"": \""caution_prompt_8.md\"", \""response_prompt\"": \""response_prompt_baseline_cot.md\""}"", ""service_list_value_count"": ""9"", ""service_list_function_count"": ""4""}}]}]","[""/home/mgjeong/Desktop/llm/JOILang-Server/gpt_mg/version0_15_update20260413/logs/suite_gpt41_mini_gen-example-version0-15_gpt41_mini_15/row_109_cand_1.json""]",ok,1.5899,openai,gpt-4.1-mini,legacy_v13_monolith,/home/mgjeong/Desktop/llm/JOILang-Server/gpt_mg/version0_13,connected_devices_only,3,skipped_connected_devices_present,hybrid,10,cpu,[],[],,1,0,,[],False,92248,24173,67,24240,1.5801,0.0,"{""name"":""StudyFineDustAirPurifierOn"",""cron"":"""",""period"":0,""code"":""wait until ((#Study #AirQualitySensor).airqualitysensor_finedustlevel >= 30)\n(#Study #AirPurifier).switch_on()""}",0,False,,[],0.0009,True,strict,True,1.0,1.0,True,1.0,1.0,1.0,1.0,1.0,1.0,1.0,1.0,True,1.0,100.0,[],"[{""device"": ""AirQualitySensor"", ""service"": ""FineDustLevel"", ""canonical_name"": ""AirQualitySensor_FineDustLevel"", ""args"": [], ""receiver"": ""(#Study #AirQualitySensor)""}, {""device"": ""Switch"", ""service"": ""On"", ""canonical_name"": ""Switch_On"", ""args"": [], ""receiver"": ""(#Study #AirPurifier)""}]",0,0,,[],False,0,0,0,0,0.0,0.0
20,4,지하에 누수가 감지되면 메인 사이렌을 비상모드로 울려줘.,"When a water leak is detected in the basement, sound the main siren in emergency mode.","{""name"": """", 
""cron"": """", 
""period"": 0, 
""script"": ""\nwait until ((#Basement #LeakSensor).Leakage == true)\n\n(#Main #Siren).SetSirenMode(\""emergency\"")""}","{'Basement_Leak': {'category': 'LeakSensor', 'tags': ['Basement', 'LeakSensor']}, 'Outdoor_Leak': {'category': 'LeakSensor', 'tags': ['Outdoor', 'LeakSensor']}, 'Main_Siren': {'category': 'Siren', 'tags': ['Main', 'Siren']}}","{""name"": """", 
""cron"": """", 
""period"": 0, 
""script"": ""\nwait until ((#Basement #LeakSensor).leaksensor_leakage == true)\n\n(#Main #Siren).siren_setsirenmode(\""emergency\"")""}",110,version0_15_update20260413,gen-example-version0-15__gpt41_mini,12345,suite_gpt41_mini_gen-example-version0-15_gpt41_mini_15,1,"[""{\""name\"":\""BasementLeakEmergencySiren\"",\""cron\"":\""\"",\""period\"":0,\""code\"":\""wait until ((#Basement #LeakSensor).leaksensor_leakage == true)\\n(#Main #Siren).siren_setsirenmode(\\\""emergency\\\"")\""}""]","[{""candidate_index"": 0, ""strategy"": ""direct"", ""prompt_chars"": 88314, ""prompt_tokens"": 23156, ""completion_tokens"": 62, ""total_tokens"": 23218, ""latency_sec"": 1.9064, ""peak_vram_gb"": 0.0, ""load_sec"": 0.0, ""generate_sec"": 0.0, ""prompt_prep_sec"": 0.0, ""decode_sec"": 0.0, ""worker_pid"": 0, ""error_type"": """", ""oom_flag"": false, ""block_manifest"": [{""id"": ""legacy_v13_monolith"", ""path"": ""/home/mgjeong/Desktop/llm/JOILang-Server/gpt_mg/version0_13"", ""metadata"": {""role"": ""generate"", ""prompt_render_mode"": ""legacy_v13_monolith"", ""prompt_assets_dir"": ""/home/mgjeong/Desktop/llm/JOILang-Server/gpt_mg/version0_13"", ""component_files"": ""{\""grammar\"": \""grammar_ver1.5.10.md\"", \""service_prompt\"": \""service_prompt_10.md\"", \""tempo\"": \""tempo_prompt_9.md\"", \""caution\"": \""caution_prompt_8.md\"", \""response_prompt\"": \""response_prompt_baseline_cot.md\""}"", ""service_list_value_count"": ""2"", ""service_list_function_count"": ""1""}}]}]","[""/home/mgjeong/Desktop/llm/JOILang-Server/gpt_mg/version0_15_update20260413/logs/suite_gpt41_mini_gen-example-version0-15_gpt41_mini_15/row_110_cand_1.json""]",ok,1.9145,openai,gpt-4.1-mini,legacy_v13_monolith,/home/mgjeong/Desktop/llm/JOILang-Server/gpt_mg/version0_13,connected_devices_only,3,skipped_connected_devices_present,hybrid,10,cpu,[],[],,1,0,,[],False,88314,23156,62,23218,1.9064,0.0,"{""name"":""BasementLeakEmergencySiren"",""cron"":"""",""period"":0,""code"":""wait until ((#Basement #LeakSensor).leaksensor_leakage == true)\n(#Main #Siren).siren_setsirenmode(\""emergency\"")""}",0,False,,[],0.0009,True,strict,True,1.0,1.0,True,1.0,1.0,1.0,1.0,1.0,1.0,1.0,1.0,True,1.0,100.0,[],"[{""device"": ""LeakSensor"", ""service"": ""Leakage"", ""canonical_name"": ""LeakSensor_Leakage"", ""args"": [], ""receiver"": ""(#Basement #LeakSensor)""}, {""device"": ""Siren"", ""service"": ""SetSirenMode"", ""canonical_name"": ""Siren_SetSirenMode"", ""args"": [""\""emergency\""""], ""receiver"": ""(#Main #Siren)""}]",0,0,,[],False,0,0,0,0,0.0,0.0
21,4,테라스 조도가 50 미만이 되면 테라스 조명을 켜줘.,"When the terrace illuminance falls below 50, turn on the terrace light.","{""name"": """", 
""cron"": """", 
""period"": 0, 
""script"": ""\nwait until ((#Terrace #LightSensor).Brightness < 50)\n\n(#Terrace #Light).On()""}","{'Terrace_Illum': {'category': 'LightSensor', 'tags': ['Terrace', 'LightSensor']}, 'Garden_Illum': {'category': 'LightSensor', 'tags': ['Garden', 'LightSensor']}, 'Terrace_Light': {'category': ['Light', 'Switch'], 'tags': ['Terrace', 'Light', 'Switch']}}","{""name"": """", 
""cron"": """", 
""period"": 0, 
""script"": ""\nwait until ((#Terrace #LightSensor).lightsensor_brightness < 50)\n\n(#Terrace #Light).switch_on()""}",111,version0_15_update20260413,gen-example-version0-15__gpt41_mini,12345,suite_gpt41_mini_gen-example-version0-15_gpt41_mini_15,1,"[""{\""name\"":\""TerraceLightOnWhenIlluminanceLow\"",\""cron\"":\""\"",\""period\"":0,\""code\"":\""wait until ((#Terrace #LightSensor).lightsensor_brightness < 50)\\n(#Terrace #Light).switch_on()\""}""]","[{""candidate_index"": 0, ""strategy"": ""direct"", ""prompt_chars"": 95138, ""prompt_tokens"": 24835, ""completion_tokens"": 63, ""total_tokens"": 24898, ""latency_sec"": 2.0862, ""peak_vram_gb"": 0.0, ""load_sec"": 0.0, ""generate_sec"": 0.0, ""prompt_prep_sec"": 0.0, ""decode_sec"": 0.0, ""worker_pid"": 0, ""error_type"": """", ""oom_flag"": false, ""block_manifest"": [{""id"": ""legacy_v13_monolith"", ""path"": ""/home/mgjeong/Desktop/llm/JOILang-Server/gpt_mg/version0_13"", ""metadata"": {""role"": ""generate"", ""prompt_render_mode"": ""legacy_v13_monolith"", ""prompt_assets_dir"": ""/home/mgjeong/Desktop/llm/JOILang-Server/gpt_mg/version0_13"", ""component_files"": ""{\""grammar\"": \""grammar_ver1.5.10.md\"", \""service_prompt\"": \""service_prompt_10.md\"", \""tempo\"": \""tempo_prompt_9.md\"", \""caution\"": \""caution_prompt_8.md\"", \""response_prompt\"": \""response_prompt_baseline_cot.md\""}"", ""service_list_value_count"": ""10"", ""service_list_function_count"": ""10""}}]}]","[""/home/mgjeong/Desktop/llm/JOILang-Server/gpt_mg/version0_15_update20260413/logs/suite_gpt41_mini_gen-example-version0-15_gpt41_mini_15/row_111_cand_1.json""]",ok,2.0958,openai,gpt-4.1-mini,legacy_v13_monolith,/home/mgjeong/Desktop/llm/JOILang-Server/gpt_mg/version0_13,connected_devices_only,3,skipped_connected_devices_present,hybrid,10,cpu,[],[],,1,0,,[],False,95138,24835,63,24898,2.0862,0.0,"{""name"":""TerraceLightOnWhenIlluminanceLow"",""cron"":"""",""period"":0,""code"":""wait until ((#Terrace #LightSensor).lightsensor_brightness < 50)\n(#Terrace #Light).switch_on()""}",0,False,,[],0.0008,True,strict,True,1.0,1.0,True,1.0,1.0,1.0,1.0,1.0,1.0,1.0,1.0,True,1.0,100.0,[],"[{""device"": ""LightSensor"", ""service"": ""Brightness"", ""canonical_name"": ""LightSensor_Brightness"", ""args"": [], ""receiver"": ""(#Terrace #LightSensor)""}, {""device"": ""Switch"", ""service"": ""On"", ""canonical_name"": ""Switch_On"", ""args"": [], ""receiver"": ""(#Terrace #Light)""}]",0,0,,[],False,0,0,0,0,0.0,0.0
22,4,차고 문이 열리면 차고 카메라로 사진을 찍어줘.,"When the garage door is opened, take a picture with the garage camera.","{""name"": """", 
""cron"": """", 
""period"": 0, 
""script"": ""\nwait until ((#Garage #Door).DoorState == \""open\"")\n\n(#Garage #Camera).CaptureImage()""}","{'Garage_Door': {'category': 'Door', 'tags': ['Garage', 'Door']}, 'Front_Door': {'category': 'Door', 'tags': ['Front', 'Door']}, 'Garage_Camera': {'category': 'Camera', 'tags': ['Garage', 'Camera']}}","{""name"": """", 
""cron"": """", 
""period"": 0, 
""script"": ""\nwait until ((#Garage #Door).door_doorstate == \""open\"")\n\n(#Garage #Camera).camera_captureimage()""}",112,version0_15_update20260413,gen-example-version0-15__gpt41_mini,12345,suite_gpt41_mini_gen-example-version0-15_gpt41_mini_15,1,"[""{\""name\"":\""GarageDoorOpenTakePicture\"",\""cron\"":\""\"",\""period\"":0,\""code\"":\""wait until ((#Garage #Door).door_doorstate == \\\""open\\\"")\\n(#Garage #Camera).camera_captureimage()\""}""]","[{""candidate_index"": 0, ""strategy"": ""direct"", ""prompt_chars"": 90984, ""prompt_tokens"": 23795, ""completion_tokens"": 54, ""total_tokens"": 23849, ""latency_sec"": 1.584, ""peak_vram_gb"": 0.0, ""load_sec"": 0.0, ""generate_sec"": 0.0, ""prompt_prep_sec"": 0.0, ""decode_sec"": 0.0, ""worker_pid"": 0, ""error_type"": """", ""oom_flag"": false, ""block_manifest"": [{""id"": ""legacy_v13_monolith"", ""path"": ""/home/mgjeong/Desktop/llm/JOILang-Server/gpt_mg/version0_13"", ""metadata"": {""role"": ""generate"", ""prompt_render_mode"": ""legacy_v13_monolith"", ""prompt_assets_dir"": ""/home/mgjeong/Desktop/llm/JOILang-Server/gpt_mg/version0_13"", ""component_files"": ""{\""grammar\"": \""grammar_ver1.5.10.md\"", \""service_prompt\"": \""service_prompt_10.md\"", \""tempo\"": \""tempo_prompt_9.md\"", \""caution\"": \""caution_prompt_8.md\"", \""response_prompt\"": \""response_prompt_baseline_cot.md\""}"", ""service_list_value_count"": ""5"", ""service_list_function_count"": ""6""}}]}]","[""/home/mgjeong/Desktop/llm/JOILang-Server/gpt_mg/version0_15_update20260413/logs/suite_gpt41_mini_gen-example-version0-15_gpt41_mini_15/row_112_cand_1.json""]",ok,1.5926,openai,gpt-4.1-mini,legacy_v13_monolith,/home/mgjeong/Desktop/llm/JOILang-Server/gpt_mg/version0_13,connected_devices_only,3,skipped_connected_devices_present,hybrid,10,cpu,[],[],,1,0,,[],False,90984,23795,54,23849,1.584,0.0,"{""name"":""GarageDoorOpenTakePicture"",""cron"":"""",""period"":0,""code"":""wait until ((#Garage #Door).door_doorstate == \""open\"")\n(#Garage #Camera).camera_captureimage()""}",0,False,,[],0.0007,True,strict,True,1.0,1.0,True,1.0,1.0,1.0,1.0,1.0,1.0,1.0,1.0,True,1.0,100.0,[],"[{""device"": ""Door"", ""service"": ""DoorState"", ""canonical_name"": ""Door_DoorState"", ""args"": [], ""receiver"": ""(#Garage #Door)""}, {""device"": ""Camera"", ""service"": ""CaptureImage"", ""canonical_name"": ""Camera_CaptureImage"", ""args"": [], ""receiver"": ""(#Garage #Camera)""}]",0,0,,[],False,0,0,0,0,0.0,0.0
23,4,아기방 소리가 40dB보다 커지면 거실 스피커로 아기방에 소음이 감지되었다고 말해줘.,"When the baby room sound exceeds 40 dB, output ""Noise detected in the baby room"" through the living room speaker.","{""name"": """", 
""cron"": """", 
""period"": 0, 
""script"": ""\nwait until ((#BabyRoom #SoundSensor).Sound > 40)\n\n(#LivingRoom #Speaker).Speak(\""아기방에 소음이 감지되었습니다.\"")""}","{'BabyRoom_Sound': {'category': 'SoundSensor', 'tags': ['BabyRoom', 'SoundSensor']}, 'Kitchen_Sound': {'category': 'SoundSensor', 'tags': ['Kitchen', 'SoundSensor']}, 'LivingRoom_Speaker': {'category': 'Speaker', 'tags': ['LivingRoom', 'Speaker']}}","{""name"": """", 
""cron"": """", 
""period"": 0, 
""script"": ""\nwait until ((#BabyRoom #SoundSensor).soundsensor_sound > 40)\n\n(#LivingRoom #Speaker).speaker_speak(\""아기방에 소음이 감지되었습니다.\"")""}",113,version0_15_update20260413,gen-example-version0-15__gpt41_mini,12345,suite_gpt41_mini_gen-example-version0-15_gpt41_mini_15,1,"[""{\""name\"":\""BabyRoomNoiseAlert\"",\""cron\"":\""\"",\""period\"":0,\""code\"":\""wait until ((#BabyRoom #SoundSensor).soundsensor_sound > 40)\\n(#LivingRoom #Speaker).speaker_speak(\\\""아기방에 소음이 감지되었다고 말해줘\\\"")\""}""]","[{""candidate_index"": 0, ""strategy"": ""direct"", ""prompt_chars"": 91624, ""prompt_tokens"": 23959, ""completion_tokens"": 76, ""total_tokens"": 24035, ""latency_sec"": 3.5115, ""peak_vram_gb"": 0.0, ""load_sec"": 0.0, ""generate_sec"": 0.0, ""prompt_prep_sec"": 0.0, ""decode_sec"": 0.0, ""worker_pid"": 0, ""error_type"": """", ""oom_flag"": false, ""block_manifest"": [{""id"": ""legacy_v13_monolith"", ""path"": ""/home/mgjeong/Desktop/llm/JOILang-Server/gpt_mg/version0_13"", ""metadata"": {""role"": ""generate"", ""prompt_render_mode"": ""legacy_v13_monolith"", ""prompt_assets_dir"": ""/home/mgjeong/Desktop/llm/JOILang-Server/gpt_mg/version0_13"", ""component_files"": ""{\""grammar\"": \""grammar_ver1.5.10.md\"", \""service_prompt\"": \""service_prompt_10.md\"", \""tempo\"": \""tempo_prompt_9.md\"", \""caution\"": \""caution_prompt_8.md\"", \""response_prompt\"": \""response_prompt_baseline_cot.md\""}"", ""service_list_value_count"": ""3"", ""service_list_function_count"": ""9""}}]}]","[""/home/mgjeong/Desktop/llm/JOILang-Server/gpt_mg/version0_15_update20260413/logs/suite_gpt41_mini_gen-example-version0-15_gpt41_mini_15/row_113_cand_1.json""]",ok,3.5206,openai,gpt-4.1-mini,legacy_v13_monolith,/home/mgjeong/Desktop/llm/JOILang-Server/gpt_mg/version0_13,connected_devices_only,3,skipped_connected_devices_present,hybrid,10,cpu,[],[],,1,0,,[],False,91624,23959,76,24035,3.5115,0.0,"{""name"":""BabyRoomNoiseAlert"",""cron"":"""",""period"":0,""code"":""wait until ((#BabyRoom #SoundSensor).soundsensor_sound > 40)\n(#LivingRoom #Speaker).speaker_speak(\""아기방에 소음이 감지되었다고 말해줘\"")""}",0,False,,[],0.0011,True,strict,True,1.0,1.0,True,0.584615,1.0,1.0,1.0,1.0,1.0,1.0,1.0,False,0.984348,95.7679,"[""gt_mismatch"", ""semantic""]","[{""device"": ""SoundSensor"", ""service"": ""Sound"", ""canonical_name"": ""SoundSensor_Sound"", ""args"": [], ""receiver"": ""(#BabyRoom #SoundSensor)""}, {""device"": ""Speaker"", ""service"": ""Speak"", ""canonical_name"": ""Speaker_Speak"", ""args"": [""\""아기방에 소음이 감지되었다고 말해줘\""""], ""receiver"": ""(#LivingRoom #Speaker)""}]",0,0,,[],False,0,0,0,0,0.0,0.0
24,4,세탁실 건조기 회전 속도가 5 이하가 되면 거실 스피커로 세탁이 끝났다고 알려줘.,"When the laundry room dryer's spin speed drops to 5 or below, announce through the living room speaker that the laundry is done.","{""name"": """", 
""cron"": """", 
""period"": 0, 
""script"": ""\nwait until ((#LaundryRoom #LaundryDryer).SpinSpeed <= 5)\n\n(#LivingRoom #Speaker).Speak(\""세탁이 완료되었습니다.\"")""}","{'Laundry_WM': {'category': 'LaundryDryer', 'tags': ['LaundryRoom', 'LaundryDryer']}, 'LivingRoom_Speaker': {'category': 'Speaker', 'tags': ['LivingRoom', 'Speaker']}}","{""name"": """", 
""cron"": """", 
""period"": 0, 
""script"": ""\nwait until ((#LaundryRoom #LaundryDryer).laundrydryer_spinspeed <= 5)\n\n(#LivingRoom #Speaker).speaker_speak(\""세탁이 완료되었습니다.\"")""}",114,version0_15_update20260413,gen-example-version0-15__gpt41_mini,12345,suite_gpt41_mini_gen-example-version0-15_gpt41_mini_15,1,"[""{\""name\"":\""LaundryDryerSpinSpeedLowAnnouncement\"",\""cron\"":\""\"",\""period\"":0,\""code\"":\""wait until ((#LaundryRoom #LaundryDryer).laundrydryer_spinspeed <= 5)\\n(#LivingRoom #Speaker).speaker_speak(\\\""세탁이 끝났다고 알려줘\\\"")\""}""]","[{""candidate_index"": 0, ""strategy"": ""direct"", ""prompt_chars"": 93156, ""prompt_tokens"": 24363, ""completion_tokens"": 68, ""total_tokens"": 24431, ""latency_sec"": 2.7073, ""peak_vram_gb"": 0.0, ""load_sec"": 0.0, ""generate_sec"": 0.0, ""prompt_prep_sec"": 0.0, ""decode_sec"": 0.0, ""worker_pid"": 0, ""error_type"": """", ""oom_flag"": false, ""block_manifest"": [{""id"": ""legacy_v13_monolith"", ""path"": ""/home/mgjeong/Desktop/llm/JOILang-Server/gpt_mg/version0_13"", ""metadata"": {""role"": ""generate"", ""prompt_render_mode"": ""legacy_v13_monolith"", ""prompt_assets_dir"": ""/home/mgjeong/Desktop/llm/JOILang-Server/gpt_mg/version0_13"", ""component_files"": ""{\""grammar\"": \""grammar_ver1.5.10.md\"", \""service_prompt\"": \""service_prompt_10.md\"", \""tempo\"": \""tempo_prompt_9.md\"", \""caution\"": \""caution_prompt_8.md\"", \""response_prompt\"": \""response_prompt_baseline_cot.md\""}"", ""service_list_value_count"": ""4"", ""service_list_function_count"": ""11""}}]}]","[""/home/mgjeong/Desktop/llm/JOILang-Server/gpt_mg/version0_15_update20260413/logs/suite_gpt41_mini_gen-example-version0-15_gpt41_mini_15/row_114_cand_1.json""]",ok,2.7162,openai,gpt-4.1-mini,legacy_v13_monolith,/home/mgjeong/Desktop/llm/JOILang-Server/gpt_mg/version0_13,connected_devices_only,2,skipped_connected_devices_present,hybrid,10,cpu,[],[],,1,0,,[],False,93156,24363,68,24431,2.7073,0.0,"{""name"":""LaundryDryerSpinSpeedLowAnnouncement"",""cron"":"""",""period"":0,""code"":""wait until ((#LaundryRoom #LaundryDryer).laundrydryer_spinspeed <= 5)\n(#LivingRoom #Speaker).speaker_speak(\""세탁이 끝났다고 알려줘\"")""}",0,False,,[],0.0008,True,strict,True,1.0,1.0,True,0.68,1.0,1.0,1.0,1.0,1.0,1.0,1.0,False,0.973305,96.6665,"[""gt_mismatch""]","[{""device"": ""LaundryDryer"", ""service"": ""SpinSpeed"", ""canonical_name"": ""LaundryDryer_SpinSpeed"", ""args"": [], ""receiver"": ""(#LaundryRoom #LaundryDryer)""}, {""device"": ""Speaker"", ""service"": ""Speak"", ""canonical_name"": ""Speaker_Speak"", ""args"": [""\""세탁이 끝났다고 알려줘\""""], ""receiver"": ""(#LivingRoom #Speaker)""}]",0,0,,[],False,0,0,0,0,0.0,0.0
25,4,창고 온도가 25도 이상이 되면 창고 에어컨을 켜줘.,"When the temperature in the pantry reaches 25 degrees or higher, turn on the pantry air conditioner.","{""name"": """", 
""cron"": """", 
""period"": 0, 
""script"": ""\nwait until ((#Pantry #TemperatureSensor).Temperature >= 25)\n\n(#Pantry #AirConditioner).On()""}","{'Pantry_Temp': {'category': 'TemperatureSensor', 'tags': ['Pantry', 'TemperatureSensor']}, 'WineCellar_Temp': {'category': 'TemperatureSensor', 'tags': ['WineCellar', 'TemperatureSensor']}, 'Pantry_AC': {'category': ['AirConditioner', 'Switch'], 'tags': ['Pantry', 'AirConditioner', 'Switch']}}","{""name"": """", 
""cron"": """", 
""period"": 0, 
""script"": ""\nwait until ((#Pantry #TemperatureSensor).temperaturesensor_temperature >= 25)\n\n(#Pantry #AirConditioner).switch_on()""}",115,version0_15_update20260413,gen-example-version0-15__gpt41_mini,12345,suite_gpt41_mini_gen-example-version0-15_gpt41_mini_15,1,"[""{\""name\"":\""PantryTemperatureACOn\"",\""cron\"":\""\"",\""period\"":0,\""code\"":\""wait until ((#Pantry #TemperatureSensor).temperaturesensor_temperature >= 25)\\n(#Pantry #AirConditioner).switch_on()\""}""]","[{""candidate_index"": 0, ""strategy"": ""direct"", ""prompt_chars"": 90658, ""prompt_tokens"": 23689, ""completion_tokens"": 63, ""total_tokens"": 23752, ""latency_sec"": 2.5937, ""peak_vram_gb"": 0.0, ""load_sec"": 0.0, ""generate_sec"": 0.0, ""prompt_prep_sec"": 0.0, ""decode_sec"": 0.0, ""worker_pid"": 0, ""error_type"": """", ""oom_flag"": false, ""block_manifest"": [{""id"": ""legacy_v13_monolith"", ""path"": ""/home/mgjeong/Desktop/llm/JOILang-Server/gpt_mg/version0_13"", ""metadata"": {""role"": ""generate"", ""prompt_render_mode"": ""legacy_v13_monolith"", ""prompt_assets_dir"": ""/home/mgjeong/Desktop/llm/JOILang-Server/gpt_mg/version0_13"", ""component_files"": ""{\""grammar\"": \""grammar_ver1.5.10.md\"", \""service_prompt\"": \""service_prompt_10.md\"", \""tempo\"": \""tempo_prompt_9.md\"", \""caution\"": \""caution_prompt_8.md\"", \""response_prompt\"": \""response_prompt_baseline_cot.md\""}"", ""service_list_value_count"": ""4"", ""service_list_function_count"": ""5""}}]}]","[""/home/mgjeong/Desktop/llm/JOILang-Server/gpt_mg/version0_15_update20260413/logs/suite_gpt41_mini_gen-example-version0-15_gpt41_mini_15/row_115_cand_1.json""]",ok,2.603,openai,gpt-4.1-mini,legacy_v13_monolith,/home/mgjeong/Desktop/llm/JOILang-Server/gpt_mg/version0_13,connected_devices_only,3,skipped_connected_devices_present,hybrid,10,cpu,[],[],,1,0,,[],False,90658,23689,63,23752,2.5937,0.0,"{""name"":""PantryTemperatureACOn"",""cron"":"""",""period"":0,""code"":""wait until ((#Pantry #TemperatureSensor).temperaturesensor_temperature >= 25)\n(#Pantry #AirConditioner).switch_on()""}",0,False,,[],0.0008,True,strict,True,1.0,1.0,True,1.0,1.0,1.0,1.0,1.0,1.0,1.0,1.0,True,1.0,100.0,[],"[{""device"": ""TemperatureSensor"", ""service"": ""Temperature"", ""canonical_name"": ""TemperatureSensor_Temperature"", ""args"": [], ""receiver"": ""(#Pantry #TemperatureSensor)""}, {""device"": ""Switch"", ""service"": ""On"", ""canonical_name"": ""Switch_On"", ""args"": [], ""receiver"": ""(#Pantry #AirConditioner)""}]",0,0,,[],False,0,0,0,0,0.0,0.0
26,4,욕실 습도가 70%보다 높아지면 욕실 제습기를 동결 방지 모드로 설정해줘.,"When the bathroom humidity exceeds 70%, set the bathroom dehumidifier to freeze protection mode.","{""name"": """", 
""cron"": """", 
""period"": 0, 
""script"": ""\nwait until ((#Bathroom #HumiditySensor).Humidity > 70)\n\n(#Bathroom #Dehumidifier).SetDehumidifierMode(\""freezeProtection\"")""}","{'Bathroom_Humid': {'category': 'HumiditySensor', 'tags': ['Bathroom', 'HumiditySensor']}, 'Laundry_Humid': {'category': 'HumiditySensor', 'tags': ['LaundryDryer', 'HumiditySensor']}, 'Bathroom_Dehumidifier': {'category': ['Dehumidifier'], 'tags': ['Bathroom', 'Dehumidifier']}}","{""name"": """", 
""cron"": """", 
""period"": 0, 
""script"": ""\nwait until ((#Bathroom #HumiditySensor).humiditysensor_humidity > 70)\n\n(#Bathroom #Dehumidifier).dehumidifier_setdehumidifiermode(\""freezeProtection\"")""}",116,version0_15_update20260413,gen-example-version0-15__gpt41_mini,12345,suite_gpt41_mini_gen-example-version0-15_gpt41_mini_15,1,"[""{\""name\"":\""BathroomHumidityFreezeProtection\"",\""cron\"":\""\"",\""period\"":0,\""code\"":\""wait until ((#Bathroom #HumiditySensor).humiditysensor_humidity > 70)\\n(#Bathroom #Dehumidifier).dehumidifier_setdehumidifiermode(\\\""freezeProtection\\\"")\""}""]","[{""candidate_index"": 0, ""strategy"": ""direct"", ""prompt_chars"": 88845, ""prompt_tokens"": 23263, ""completion_tokens"": 69, ""total_tokens"": 23332, ""latency_sec"": 3.2838, ""peak_vram_gb"": 0.0, ""load_sec"": 0.0, ""generate_sec"": 0.0, ""prompt_prep_sec"": 0.0, ""decode_sec"": 0.0, ""worker_pid"": 0, ""error_type"": """", ""oom_flag"": false, ""block_manifest"": [{""id"": ""legacy_v13_monolith"", ""path"": ""/home/mgjeong/Desktop/llm/JOILang-Server/gpt_mg/version0_13"", ""metadata"": {""role"": ""generate"", ""prompt_render_mode"": ""legacy_v13_monolith"", ""prompt_assets_dir"": ""/home/mgjeong/Desktop/llm/JOILang-Server/gpt_mg/version0_13"", ""component_files"": ""{\""grammar\"": \""grammar_ver1.5.10.md\"", \""service_prompt\"": \""service_prompt_10.md\"", \""tempo\"": \""tempo_prompt_9.md\"", \""caution\"": \""caution_prompt_8.md\"", \""response_prompt\"": \""response_prompt_baseline_cot.md\""}"", ""service_list_value_count"": ""2"", ""service_list_function_count"": ""1""}}]}]","[""/home/mgjeong/Desktop/llm/JOILang-Server/gpt_mg/version0_15_update20260413/logs/suite_gpt41_mini_gen-example-version0-15_gpt41_mini_15/row_116_cand_1.json""]",ok,3.2919,openai,gpt-4.1-mini,legacy_v13_monolith,/home/mgjeong/Desktop/llm/JOILang-Server/gpt_mg/version0_13,connected_devices_only,3,skipped_connected_devices_present,hybrid,10,cpu,[],[],,1,0,,[],False,88845,23263,69,23332,3.2838,0.0,"{""name"":""BathroomHumidityFreezeProtection"",""cron"":"""",""period"":0,""code"":""wait until ((#Bathroom #HumiditySensor).humiditysensor_humidity > 70)\n(#Bathroom #Dehumidifier).dehumidifier_setdehumidifiermode(\""freezeProtection\"")""}",0,False,,[],0.0008,True,strict,True,1.0,1.0,True,1.0,1.0,1.0,1.0,1.0,1.0,1.0,1.0,True,1.0,100.0,[],"[{""device"": ""HumiditySensor"", ""service"": ""Humidity"", ""canonical_name"": ""HumiditySensor_Humidity"", ""args"": [], ""receiver"": ""(#Bathroom #HumiditySensor)""}, {""device"": ""Dehumidifier"", ""service"": ""SetDehumidifierMode"", ""canonical_name"": ""Dehumidifier_SetDehumidifierMode"", ""args"": [""\""freezeProtection\""""], ""receiver"": ""(#Bathroom #Dehumidifier)""}]",0,0,,[],False,0,0,0,0,0.0,0.0
27,4,사무실 버튼이 눌리면 사무실 가습기를 모두 켜줘.,"When the office button is pushed, turn on all humidifiers in office.","{""name"": """", 
""cron"": """", 
""period"": 0, 
""script"": ""\nwait until ((#Office #Button).Button == \""pushed\"")\n\nall(#Office #Humidifier).On()""}","{'Office_Button': {'category': 'Button', 'tags': ['Office', 'Button']}, 'Lobby_Button': {'category': 'Button', 'tags': ['Lobby', 'Button']}, 'Office_Humidifier': {'category': ['Switch', 'Humidifier'], 'tags': ['Office', 'Humidifier', 'Switch']}}","{""name"": """", 
""cron"": """", 
""period"": 0, 
""script"": ""\nwait until ((#Office #Button).button_button == \""pushed\"")\n\nall(#Office #Humidifier).switch_on()""}",117,version0_15_update20260413,gen-example-version0-15__gpt41_mini,12345,suite_gpt41_mini_gen-example-version0-15_gpt41_mini_15,1,"[""{\""name\"":\""OfficeButtonHumidifierOn\"",\""cron\"":\""\"",\""period\"":100,\""code\"":\""triggered := false\\nif ((#Office #Button).button_button == \\\""pushed\\\"") {\\n  if (triggered == false) {\\n    all(#Office #Humidifier).switch_on()\\n    triggered = true\\n  }\\n} else {\\n  triggered = false\\n}\""}""]","[{""candidate_index"": 0, ""strategy"": ""direct"", ""prompt_chars"": 90054, ""prompt_tokens"": 23665, ""completion_tokens"": 93, ""total_tokens"": 23758, ""latency_sec"": 2.4293, ""peak_vram_gb"": 0.0, ""load_sec"": 0.0, ""generate_sec"": 0.0, ""prompt_prep_sec"": 0.0, ""decode_sec"": 0.0, ""worker_pid"": 0, ""error_type"": """", ""oom_flag"": false, ""block_manifest"": [{""id"": ""legacy_v13_monolith"", ""path"": ""/home/mgjeong/Desktop/llm/JOILang-Server/gpt_mg/version0_13"", ""metadata"": {""role"": ""generate"", ""prompt_render_mode"": ""legacy_v13_monolith"", ""prompt_assets_dir"": ""/home/mgjeong/Desktop/llm/JOILang-Server/gpt_mg/version0_13"", ""component_files"": ""{\""grammar\"": \""grammar_ver1.5.10.md\"", \""service_prompt\"": \""service_prompt_10.md\"", \""tempo\"": \""tempo_prompt_9.md\"", \""caution\"": \""caution_prompt_8.md\"", \""response_prompt\"": \""response_prompt_baseline_cot.md\""}"", ""service_list_value_count"": ""3"", ""service_list_function_count"": ""4""}}]}]","[""/home/mgjeong/Desktop/llm/JOILang-Server/gpt_mg/version0_15_update20260413/logs/suite_gpt41_mini_gen-example-version0-15_gpt41_mini_15/row_117_cand_1.json""]",ok,2.439,openai,gpt-4.1-mini,legacy_v13_monolith,/home/mgjeong/Desktop/llm/JOILang-Server/gpt_mg/version0_13,connected_devices_only,3,skipped_connected_devices_present,hybrid,10,cpu,[],[],,1,0,,[],False,90054,23665,93,23758,2.4293,0.0,"{""name"":""OfficeButtonHumidifierOn"",""cron"":"""",""period"":100,""code"":""triggered := false\nif ((#Office #Button).button_button == \""pushed\"") {\n  if (triggered == false) {\n    all(#Office #Humidifier).switch_on()\n    triggered = true\n  }\n} else {\n  triggered = false\n}""}",0,False,,[],0.0007,True,strict,True,1.0,1.0,True,0.55,1.0,1.0,1.0,1.0,1.0,1.0,1.0,False,0.625,93.625,"[""gt_mismatch"", ""semantic""]","[{""device"": ""Button"", ""service"": ""Button"", ""canonical_name"": ""Button_Button"", ""args"": [], ""receiver"": ""(#Office #Button)""}, {""device"": ""Switch"", ""service"": ""On"", ""canonical_name"": ""Switch_On"", ""args"": [], ""receiver"": ""all(#Office #Humidifier)""}]",0,0,,[],False,0,0,0,0,0.0,0.0
28,4,복도에 재실 센서가 하나라도 감지되면 모든 복도 조명을 보라색으로 설정해줘.,"When any presence sensor in the hallway detects presence, set all hallway lights to purple.","{""name"": """", 
""cron"": """", 
""period"": 0, 
""script"": ""\nwait until (all(#Hallway #PresenceSensor).Presence ==| true)\n\nall(#Hallway #Light).SetColor(\""128,0,128\"")""}","{'Hallway_Presence': {'category': 'PresenceSensor', 'tags': ['Hallway', 'PresenceSensor']}, 'Porch_Presence': {'category': 'PresenceSensor', 'tags': ['Porch', 'PresenceSensor']}, 'Hallway_Light': {'category': ['Light', 'ColorControl'], 'tags': ['Hallway', 'Light', 'ColorControl']}}","{""name"": """", 
""cron"": """", 
""period"": 0, 
""script"": ""\nwait until (all(#Hallway #PresenceSensor).presencesensor_presence ==| true)\n\nall(#Hallway #Light).colorcontrol_setcolor(\""128,0,128\"")""}",118,version0_15_update20260413,gen-example-version0-15__gpt41_mini,12345,suite_gpt41_mini_gen-example-version0-15_gpt41_mini_15,1,"[""{\""name\"":\""HallwayPresencePurpleLight\"",\""cron\"":\""\"",\""period\"":100,\""code\"":\""triggered := false\\nif (all(#Hallway #PresenceSensor).presencesensor_presence ==| true) {\\n  if (triggered == false) {\\n    all(#Hallway #Light).light_movetorgb(128, 0, 128)\\n    triggered = true\\n  }\\n} else {\\n  triggered = false\\n}\""}""]","[{""candidate_index"": 0, ""strategy"": ""direct"", ""prompt_chars"": 94770, ""prompt_tokens"": 24733, ""completion_tokens"": 105, ""total_tokens"": 24838, ""latency_sec"": 2.6073, ""peak_vram_gb"": 0.0, ""load_sec"": 0.0, ""generate_sec"": 0.0, ""prompt_prep_sec"": 0.0, ""decode_sec"": 0.0, ""worker_pid"": 0, ""error_type"": """", ""oom_flag"": false, ""block_manifest"": [{""id"": ""legacy_v13_monolith"", ""path"": ""/home/mgjeong/Desktop/llm/JOILang-Server/gpt_mg/version0_13"", ""metadata"": {""role"": ""generate"", ""prompt_render_mode"": ""legacy_v13_monolith"", ""prompt_assets_dir"": ""/home/mgjeong/Desktop/llm/JOILang-Server/gpt_mg/version0_13"", ""component_files"": ""{\""grammar\"": \""grammar_ver1.5.10.md\"", \""service_prompt\"": \""service_prompt_10.md\"", \""tempo\"": \""tempo_prompt_9.md\"", \""caution\"": \""caution_prompt_8.md\"", \""response_prompt\"": \""response_prompt_baseline_cot.md\""}"", ""service_list_value_count"": ""10"", ""service_list_function_count"": ""8""}}]}]","[""/home/mgjeong/Desktop/llm/JOILang-Server/gpt_mg/version0_15_update20260413/logs/suite_gpt41_mini_gen-example-version0-15_gpt41_mini_15/row_118_cand_1.json""]",ok,2.6173,openai,gpt-4.1-mini,legacy_v13_monolith,/home/mgjeong/Desktop/llm/JOILang-Server/gpt_mg/version0_13,connected_devices_only,3,skipped_connected_devices_present,hybrid,10,cpu,[],[],,1,0,,[],False,94770,24733,105,24838,2.6073,0.0,"{""name"":""HallwayPresencePurpleLight"",""cron"":"""",""period"":100,""code"":""triggered := false\nif (all(#Hallway #PresenceSensor).presencesensor_presence ==| true) {\n  if (triggered == false) {\n    all(#Hallway #Light).light_movetorgb(128, 0, 128)\n    triggered = true\n  }\n} else {\n  triggered = false\n}""}",0,False,,[],0.0009,True,strict,True,1.0,1.0,True,0.6,0.5,0.5,0.5,0.5,1.0,1.0,1.0,False,0.499051,69.9,"[""extraneous"", ""gt_mismatch"", ""gt_receiver_coverage"", ""gt_service_coverage""]","[{""device"": ""PresenceSensor"", ""service"": ""Presence"", ""canonical_name"": ""PresenceSensor_Presence"", ""args"": [], ""receiver"": ""all(#Hallway #PresenceSensor)""}, {""device"": ""Light"", ""service"": ""MoveToRGB"", ""canonical_name"": ""Light_MoveToRGB"", ""args"": [""128"", ""0"", ""128""], ""receiver"": ""all(#Hallway #Light)""}]",0,0,,[],False,0,0,0,0,0.0,0.0
29,4,서버실 일산화탄소 농도가 5000 ppm 이상이되면 모든 사이렌을 비상모드로 울려줘.,"When the carbon monoxide level in the server room becomes 5000 ppm or above, sound all sirens in emergency mode.","{""name"": """", 
""cron"": """", 
""period"": 0, 
""script"": ""\nwait until ((#ServerRoom #AirQualitySensor).CarbonDioxide >= 5000)\n\nall(#Siren).SetSirenMode(\""emergency\"")""}","{'ServerRoom_AQ': {'category': 'AirQualitySensor', 'tags': ['ServerRoom', 'AirQualitySensor']}, 'Office_AQ': {'category': 'AirQualitySensor', 'tags': ['Office', 'AirQualitySensor']}, 'Siren_1': {'category': 'Siren', 'tags': ['Main', 'Siren']}, 'Siren_2': {'category': 'Siren', 'tags': ['Back', 'Siren']}}","{""name"": """", 
""cron"": """", 
""period"": 0, 
""script"": ""\nwait until ((#ServerRoom #AirQualitySensor).airqualitysensor_carbondioxide >= 5000)\n\nall(#Siren).siren_setsirenmode(\""emergency\"")""}",119,version0_15_update20260413,gen-example-version0-15__gpt41_mini,12345,suite_gpt41_mini_gen-example-version0-15_gpt41_mini_15,1,"[""{\""name\"":\""ServerRoomCOEmergencySiren\"",\""cron\"":\""\"",\""period\"":0,\""code\"":\""wait until ((#ServerRoom #AirQualitySensor).airqualitysensor_carbondioxide >= 5000)\\n(#Siren).siren_setsirenmode(\\\""emergency\\\"")\""}""]","[{""candidate_index"": 0, ""strategy"": ""direct"", ""prompt_chars"": 90948, ""prompt_tokens"": 23840, ""completion_tokens"": 71, ""total_tokens"": 23911, ""latency_sec"": 1.7225, ""peak_vram_gb"": 0.0, ""load_sec"": 0.0, ""generate_sec"": 0.0, ""prompt_prep_sec"": 0.0, ""decode_sec"": 0.0, ""worker_pid"": 0, ""error_type"": """", ""oom_flag"": false, ""block_manifest"": [{""id"": ""legacy_v13_monolith"", ""path"": ""/home/mgjeong/Desktop/llm/JOILang-Server/gpt_mg/version0_13"", ""metadata"": {""role"": ""generate"", ""prompt_render_mode"": ""legacy_v13_monolith"", ""prompt_assets_dir"": ""/home/mgjeong/Desktop/llm/JOILang-Server/gpt_mg/version0_13"", ""component_files"": ""{\""grammar\"": \""grammar_ver1.5.10.md\"", \""service_prompt\"": \""service_prompt_10.md\"", \""tempo\"": \""tempo_prompt_9.md\"", \""caution\"": \""caution_prompt_8.md\"", \""response_prompt\"": \""response_prompt_baseline_cot.md\""}"", ""service_list_value_count"": ""8"", ""service_list_function_count"": ""1""}}]}]","[""/home/mgjeong/Desktop/llm/JOILang-Server/gpt_mg/version0_15_update20260413/logs/suite_gpt41_mini_gen-example-version0-15_gpt41_mini_15/row_119_cand_1.json""]",ok,1.7321,openai,gpt-4.1-mini,legacy_v13_monolith,/home/mgjeong/Desktop/llm/JOILang-Server/gpt_mg/version0_13,connected_devices_only,4,skipped_connected_devices_present,hybrid,10,cpu,[],[],,1,0,,[],False,90948,23840,71,23911,1.7225,0.0,"{""name"":""ServerRoomCOEmergencySiren"",""cron"":"""",""period"":0,""code"":""wait until ((#ServerRoom #AirQualitySensor).airqualitysensor_carbondioxide >= 5000)\n(#Siren).siren_setsirenmode(\""emergency\"")""}",0,False,,[],0.0008,True,strict,True,1.0,1.0,True,0.538462,1.0,1.0,1.0,1.0,1.0,1.0,1.0,False,0.919444,94.9818,"[""gt_mismatch"", ""semantic""]","[{""device"": ""AirQualitySensor"", ""service"": ""CarbonDioxide"", ""canonical_name"": ""AirQualitySensor_CarbonDioxide"", ""args"": [], ""receiver"": ""(#ServerRoom #AirQualitySensor)""}, {""device"": ""Siren"", ""service"": ""SetSirenMode"", ""canonical_name"": ""Siren_SetSirenMode"", ""args"": [""\""emergency\""""], ""receiver"": ""(#Siren)""}]",0,0,,[],False,0,0,0,0,0.0,0.0
30,4,안방 쉐이드 버튼이 눌리면 쉐이드를 내려줘.,"When the bedroom shade button is pushed, lower the shade.","{""name"": """", 
""cron"": """", 
""period"": 0, 
""script"": ""\nwait until ((#Bedroom #Shade #Button).Button == \""pushed\"")\n\n(#Bedroom #Shade).DownOrClose()""}","{'Bedroom_Shade_Button': {'category': 'Button', 'tags': ['Bedroom', 'Shade', 'Button']}, 'Bedroom_Blind_Button': {'category': 'Button', 'tags': ['Bedroom', 'Blind', 'Button']}, 'Bedroom_Shade': {'category': 'WindowCovering', 'tags': ['Bedroom', 'Shade', 'WindowCovering']}}","{""name"": """", 
""cron"": """", 
""period"": 0, 
""script"": ""\nwait until ((#Bedroom #Shade #Button).button_button == \""pushed\"")\n\n(#Bedroom #Shade).windowcovering_downorclose()""}",120,version0_15_update20260413,gen-example-version0-15__gpt41_mini,12345,suite_gpt41_mini_gen-example-version0-15_gpt41_mini_15,1,"[""{\""name\"":\""BedroomShadeButtonLowerShade\"",\""cron\"":\""\"",\""period\"":100,\""code\"":\""triggered := false\\nif ((#Bedroom #Button #Shade).button_button == \\\""pushed\\\"") {\\n  if (triggered == false) {\\n    (#Bedroom #Shade).windowcovering_downorclose()\\n    triggered = true\\n  }\\n} else {\\n  triggered = false\\n}\""}""]","[{""candidate_index"": 0, ""strategy"": ""direct"", ""prompt_chars"": 90221, ""prompt_tokens"": 23676, ""completion_tokens"": 99, ""total_tokens"": 23775, ""latency_sec"": 2.8764, ""peak_vram_gb"": 0.0, ""load_sec"": 0.0, ""generate_sec"": 0.0, ""prompt_prep_sec"": 0.0, ""decode_sec"": 0.0, ""worker_pid"": 0, ""error_type"": """", ""oom_flag"": false, ""block_manifest"": [{""id"": ""legacy_v13_monolith"", ""path"": ""/home/mgjeong/Desktop/llm/JOILang-Server/gpt_mg/version0_13"", ""metadata"": {""role"": ""generate"", ""prompt_render_mode"": ""legacy_v13_monolith"", ""prompt_assets_dir"": ""/home/mgjeong/Desktop/llm/JOILang-Server/gpt_mg/version0_13"", ""component_files"": ""{\""grammar\"": \""grammar_ver1.5.10.md\"", \""service_prompt\"": \""service_prompt_10.md\"", \""tempo\"": \""tempo_prompt_9.md\"", \""caution\"": \""caution_prompt_8.md\"", \""response_prompt\"": \""response_prompt_baseline_cot.md\""}"", ""service_list_value_count"": ""3"", ""service_list_function_count"": ""4""}}]}]","[""/home/mgjeong/Desktop/llm/JOILang-Server/gpt_mg/version0_15_update20260413/logs/suite_gpt41_mini_gen-example-version0-15_gpt41_mini_15/row_120_cand_1.json""]",ok,2.8856,openai,gpt-4.1-mini,legacy_v13_monolith,/home/mgjeong/Desktop/llm/JOILang-Server/gpt_mg/version0_13,connected_devices_only,3,skipped_connected_devices_present,hybrid,10,cpu,[],[],,1,0,,[],False,90221,23676,99,23775,2.8764,0.0,"{""name"":""BedroomShadeButtonLowerShade"",""cron"":"""",""period"":100,""code"":""triggered := false\nif ((#Bedroom #Button #Shade).button_button == \""pushed\"") {\n  if (triggered == false) {\n    (#Bedroom #Shade).windowcovering_downorclose()\n    triggered = true\n  }\n} else {\n  triggered = false\n}""}",0,False,,[],0.0008,True,strict,True,1.0,1.0,True,0.52,0.5,1.0,1.0,1.0,1.0,1.0,1.0,False,0.546809,90.434,"[""extraneous"", ""gt_mismatch"", ""semantic""]","[{""device"": ""Button"", ""service"": ""Button"", ""canonical_name"": ""Button_Button"", ""args"": [], ""receiver"": ""(#Bedroom #Button #Shade)""}, {""device"": ""WindowCovering"", ""service"": ""DownOrClose"", ""canonical_name"": ""WindowCovering_DownOrClose"", ""args"": [], ""receiver"": ""(#Bedroom #Shade)""}]",0,0,,[],False,0,0,0,0,0.0,0.0
