model_key,model_label,configured_model,mode,status_before,status_after,preparation_status,download_status,downloaded_now,resolved_model_path,cache_path,snapshot_count,worker_python,worker_path,local_device,local_dtype,local_load_in_4bit,local_files_only,smoke_status,smoke_output_dir,smoke_avg_det_score,note
phi35_mini,Phi-3.5-mini-instruct,microsoft/Phi-3.5-mini-instruct,worker,ready,ready,runtime_broken,,False,/home/mgjeong/.cache/huggingface/hub/models--microsoft--Phi-3.5-mini-instruct/snapshots/2fe192450127e6a83f7441aef6e3ca586c338b77,/home/mgjeong/.cache/huggingface/hub/models--microsoft--Phi-3.5-mini-instruct/snapshots/2fe192450127e6a83f7441aef6e3ca586c338b77,1,/home/mgjeong/miniconda3/envs/l/bin/python,/home/mgjeong/Desktop/llm/JOILang-Server/gpt_mg/version0_13/qwen_local_worker.py,cuda:0,bf16,False,True,runtime_error,/home/mgjeong/Desktop/llm/JOILang-Server/gpt_mg/version0_15_update20260413/results/model_suite_20260420_175542,0.0,'DynamicCache' object has no attribute 'get_usable_length'
qwen25_coder_7b,Qwen2.5-Coder-7B-Instruct,Qwen/Qwen2.5-Coder-7B-Instruct,worker,ready,ready,ready_and_smoke_tested,,False,/home/mgjeong/.cache/huggingface/hub/models--Qwen--Qwen2.5-Coder-7B-Instruct/snapshots/c03e6d358207e414f1eca0bb1891e29f1db0e242,/home/mgjeong/.cache/huggingface/hub/models--Qwen--Qwen2.5-Coder-7B-Instruct/snapshots/c03e6d358207e414f1eca0bb1891e29f1db0e242,1,/home/mgjeong/miniconda3/envs/l/bin/python,/home/mgjeong/Desktop/llm/JOILang-Server/gpt_mg/version0_13/qwen_local_worker.py,cuda:0,bf16,False,True,ok,/home/mgjeong/Desktop/llm/JOILang-Server/gpt_mg/version0_15_update20260413/results/model_suite_20260420_175559,98.898,"cached locally (hf_cache, snapshots=1)"
llama31_8b,Llama-3.1-8B-Instruct,meta-llama/Llama-3.1-8B-Instruct,worker,missing_cache,ready,gated,gated,False,/home/mgjeong/.cache/huggingface/hub/models--meta-llama--Llama-3.1-8B-Instruct/snapshots/0e9e39f249a16976918f6564b8830bc894c89659,/home/mgjeong/.cache/huggingface/hub/models--meta-llama--Llama-3.1-8B-Instruct/snapshots/0e9e39f249a16976918f6564b8830bc894c89659,1,/home/mgjeong/miniconda3/envs/l/bin/python,/home/mgjeong/Desktop/llm/JOILang-Server/gpt_mg/version0_13/qwen_local_worker.py,cuda:0,bf16,False,True,runtime_error,/home/mgjeong/Desktop/llm/JOILang-Server/gpt_mg/version0_15_update20260413/results/model_suite_20260420_175629,0.0,"Fetching 17 files:   0%|          | 0/17 [00:00<?, ?it/s]
Fetching 17 files:   0%|          | 0/17 [00:00<?, ?it/s]
Downloading 'LICENSE' to '/home/mgjeong/.cache/huggingface/hub/models--meta-llama--Llama-3.1-8B-Instruct/blobs/a7c3ca16cee30425ed6ad841a809590f2bcbf290.incomplete'
Downloading 'README.md' to '/home/mgjeong/.cache/huggingface/hub/models--meta-llama--Llama-3.1-8B-Instruct/blobs/bbd5630a05b65c1a8b25141bd11ec44844107d58.incomplete'
Download complete. Moving file to /home/mgjeong/.cache/huggingface/hub/models--meta-llama--Llama-3.1-8B-Instruct/blobs/a7c3ca16cee30425ed6ad841a809590f2bcbf290
Download complete. Moving file to /home/mgjeong/.cache/huggingface/hub/models--meta-llama--Llama-3.1-8B-Instruct/blobs/bbd5630a05b65c1a8b25141bd11ec44844107d58
Traceback (most recent call last):
  File ""/home/mgjeong/miniconda3/lib/python3.12/site-packages/huggingface_hub/utils/_http.py"", line 409, in hf_raise_for_status
    response.raise_for_status()
  File ""/home/mgjeong/miniconda3/lib/python3.12/site-packages/requests/models.py"", line 1021, in raise_for_status
    raise HTTPError(http_error_msg, response=self)
requests.exceptions.HTTPError: 401 Client Error: Unauthorized for url: https://huggingface.co/meta-llama/Llama-3.1-8B-Instruct/resolve/0e9e39f249a16976918f6564b8830bc894c89659/.gitattributes

The above exception was the direct cause of the following exception:

Traceback (most recent call last):
  File ""/home/mgjeong/miniconda3/bin/huggingface-cli"", line 8, in <module>
    sys.exit(main())
             ^^^^^^
  File ""/home/mgjeong/miniconda3/lib/python3.12/site-packages/huggingface_hub/commands/huggingface_cli.py"", line 57, in main
    service.run()
  File ""/home/mgjeong/miniconda3/lib/python3.12/site-packages/huggingface_hub/commands/download.py"", line 153, in run
    print(self._download())  # Print path to downloaded files
          ^^^^^^^^^^^^^^^^
  File ""/home/mgjeong/miniconda3/lib/python3.12/site-packages/huggingface_hub/commands/download.py"", line 187, in _download
    return snapshot_download(
           ^^^^^^^^^^^^^^^^^^
  File ""/home/mgjeong/miniconda3/lib/python3.12/site-packages/huggingface_hub/utils/_validators.py"", line 114, in _inner_fn
    return fn(*args, **kwargs)
           ^^^^^^^^^^^^^^^^^^^
  File ""/home/mgjeong/miniconda3/lib/python3.12/site-packages/huggingface_hub/_snapshot_download.py"", line 296, in snapshot_download
    thread_map(
  File ""/home/mgjeong/miniconda3/lib/python3.12/site-packages/tqdm/contrib/concurrent.py"", line 69, in thread_map
    return _executor_map(ThreadPoolExecutor, fn, *iterables, **tqdm_kwargs)
           ^^^^^^^^^^^^^^^^^^^^^^^^^^^^^^^^^^^^^^^^^^^^^^^^^^^^^^^^^^^^^^^^
  File ""/home/mgjeong/miniconda3/lib/python3.12/site-packages/tqdm/contrib/concurrent.py"", line 51, in _executor_map
    return list(tqdm_class(ex.map(fn, *iterables, chunksize=chunksize), **kwargs))
           ^^^^^^^^^^^^^^^^^^^^^^^^^^^^^^^^^^^^^^^^^^^^^^^^^^^^^^^^^^^^^^^^^^^^^^^
  File ""/home/mgjeong/miniconda3/lib/python3.12/site-packages/tqdm/std.py"", line 1178, in __iter__
    for obj in iterable:
  File ""/home/mgjeong/miniconda3/lib/python3.12/concurrent/futures/_base.py"", line 619, in result_iterator
    yield _result_or_cancel(fs.pop())
          ^^^^^^^^^^^^^^^^^^^^^^^^^^^
  File ""/home/mgjeong/miniconda3/lib/python3.12/concurrent/futures/_base.py"", line 317, in _result_or_cancel
    return fut.result(timeout)
           ^^^^^^^^^^^^^^^^^^^
  File ""/home/mgjeong/miniconda3/lib/python3.12/concurrent/futures/_base.py"", line 456, in result
    return self.__get_result()
           ^^^^^^^^^^^^^^^^^^^
  File ""/home/mgjeong/miniconda3/lib/python3.12/concurrent/futures/_base.py"", line 401, in __get_result
    raise self._exception
  File ""/home/mgjeong/miniconda3/lib/python3.12/concurrent/futures/thread.py"", line 58, in run
    result = self.fn(*self.args, **self.kwargs)
             ^^^^^^^^^^^^^^^^^^^^^^^^^^^^^^^^^^
  File ""/home/mgjeong/miniconda3/lib/python3.12/site-packages/huggingface_hub/_snapshot_download.py"", line 270, in _inner_hf_hub_download
    return hf_hub_download(
           ^^^^^^^^^^^^^^^^
  File ""/home/mgjeong/miniconda3/lib/python3.12/site-packages/huggingface_hub/utils/_validators.py"", line 114, in _inner_fn
    return fn(*args, **kwargs)
           ^^^^^^^^^^^^^^^^^^^
  File ""/home/mgjeong/miniconda3/lib/python3.12/site-packages/huggingface_hub/file_download.py"", line 961, in hf_hub_download
    return _hf_hub_download_to_cache_dir(
           ^^^^^^^^^^^^^^^^^^^^^^^^^^^^^^
  File ""/home/mgjeong/miniconda3/lib/python3.12/site-packages/huggingface_hub/file_download.py"", line 1068, in _hf_hub_download_to_cache_dir
    _raise_on_head_call_error(head_call_error, force_download, local_files_only)
  File ""/home/mgjeong/miniconda3/lib/python3.12/site-packages/huggingface_hub/file_download.py"", line 1596, in _raise_on_head_call_error
    raise head_call_error
  File ""/home/mgjeong/miniconda3/lib/python3.12/site-packages/huggingface_hub/file_download.py"", line 1484, in _get_metadata_or_catch_error
    metadata = get_hf_file_metadata(
               ^^^^^^^^^^^^^^^^^^^^^
  File ""/home/mgjeong/miniconda3/lib/python3.12/site-packages/huggingface_hub/utils/_validators.py"", line 114, in _inner_fn
    return fn(*args, **kwargs)
           ^^^^^^^^^^^^^^^^^^^
  File ""/home/mgjeong/miniconda3/lib/python3.12/site-packages/huggingface_hub/file_download.py"", line 1401, in get_hf_file_metadata
    r = _request_wrapper(
        ^^^^^^^^^^^^^^^^^
  File ""/home/mgjeong/miniconda3/lib/python3.12/site-packages/huggingface_hub/file_download.py"", line 285, in _request_wrapper
    response = _request_wrapper(
               ^^^^^^^^^^^^^^^^^
  File ""/home/mgjeong/miniconda3/lib/python3.12/site-packages/huggingface_hub/file_download.py"", line 309, in _request_wrapper
    hf_raise_for_status(response)
  File ""/home/mgjeong/miniconda3/lib/python3.12/site-packages/huggingface_hub/utils/_http.py"", line 426, in hf_raise_for_status
    raise _format(GatedRepoError, message, response) from e
huggingface_hub.errors.GatedRepoError: 401 Client Error. (Request ID: Root=1-69e5ea38-2ecfda21308fbaed1a96a5ae;474ab69e-b675-4e4b-a5cc-ed4ace5c873e)

Cannot access gated repo for url https://huggingface.co/meta-llama/Llama-3.1-8B-Instruct/resolve/0e9e39f249a16976918f6564b8830bc894c89659/.gitattributes.
Access to model meta-llama/Llama-3.1-8B-Instruct is restricted. You must have access to it and be authenticated to access it. Please log in."
gemma2_9b_it,Gemma-2-9B-it,google/gemma-2-9b-it,worker,missing_cache,ready,gated,gated,False,/home/mgjeong/.cache/huggingface/hub/models--google--gemma-2-9b-it/snapshots/11c9b309abf73637e4b6f9a3fa1e92e615547819,/home/mgjeong/.cache/huggingface/hub/models--google--gemma-2-9b-it/snapshots/11c9b309abf73637e4b6f9a3fa1e92e615547819,1,/home/mgjeong/miniconda3/envs/l/bin/python,/home/mgjeong/Desktop/llm/JOILang-Server/gpt_mg/version0_13/qwen_local_worker.py,cuda:0,bf16,False,True,runtime_error,/home/mgjeong/Desktop/llm/JOILang-Server/gpt_mg/version0_15_update20260413/results/model_suite_20260420_175647,0.0,"Fetching 14 files:   0%|          | 0/14 [00:00<?, ?it/s]
Fetching 14 files:   0%|          | 0/14 [00:00<?, ?it/s]
Downloading 'README.md' to '/home/mgjeong/.cache/huggingface/hub/models--google--gemma-2-9b-it/blobs/a474419881be341962894541a036ad0df8f29a64.incomplete'
Download complete. Moving file to /home/mgjeong/.cache/huggingface/hub/models--google--gemma-2-9b-it/blobs/a474419881be341962894541a036ad0df8f29a64
Traceback (most recent call last):
  File ""/home/mgjeong/miniconda3/lib/python3.12/site-packages/huggingface_hub/utils/_http.py"", line 409, in hf_raise_for_status
    response.raise_for_status()
  File ""/home/mgjeong/miniconda3/lib/python3.12/site-packages/requests/models.py"", line 1021, in raise_for_status
    raise HTTPError(http_error_msg, response=self)
requests.exceptions.HTTPError: 401 Client Error: Unauthorized for url: https://huggingface.co/google/gemma-2-9b-it/resolve/11c9b309abf73637e4b6f9a3fa1e92e615547819/.gitattributes

The above exception was the direct cause of the following exception:

Traceback (most recent call last):
  File ""/home/mgjeong/miniconda3/bin/huggingface-cli"", line 8, in <module>
    sys.exit(main())
             ^^^^^^
  File ""/home/mgjeong/miniconda3/lib/python3.12/site-packages/huggingface_hub/commands/huggingface_cli.py"", line 57, in main
    service.run()
  File ""/home/mgjeong/miniconda3/lib/python3.12/site-packages/huggingface_hub/commands/download.py"", line 153, in run
    print(self._download())  # Print path to downloaded files
          ^^^^^^^^^^^^^^^^
  File ""/home/mgjeong/miniconda3/lib/python3.12/site-packages/huggingface_hub/commands/download.py"", line 187, in _download
    return snapshot_download(
           ^^^^^^^^^^^^^^^^^^
  File ""/home/mgjeong/miniconda3/lib/python3.12/site-packages/huggingface_hub/utils/_validators.py"", line 114, in _inner_fn
    return fn(*args, **kwargs)
           ^^^^^^^^^^^^^^^^^^^
  File ""/home/mgjeong/miniconda3/lib/python3.12/site-packages/huggingface_hub/_snapshot_download.py"", line 296, in snapshot_download
    thread_map(
  File ""/home/mgjeong/miniconda3/lib/python3.12/site-packages/tqdm/contrib/concurrent.py"", line 69, in thread_map
    return _executor_map(ThreadPoolExecutor, fn, *iterables, **tqdm_kwargs)
           ^^^^^^^^^^^^^^^^^^^^^^^^^^^^^^^^^^^^^^^^^^^^^^^^^^^^^^^^^^^^^^^^
  File ""/home/mgjeong/miniconda3/lib/python3.12/site-packages/tqdm/contrib/concurrent.py"", line 51, in _executor_map
    return list(tqdm_class(ex.map(fn, *iterables, chunksize=chunksize), **kwargs))
           ^^^^^^^^^^^^^^^^^^^^^^^^^^^^^^^^^^^^^^^^^^^^^^^^^^^^^^^^^^^^^^^^^^^^^^^
  File ""/home/mgjeong/miniconda3/lib/python3.12/site-packages/tqdm/std.py"", line 1178, in __iter__
    for obj in iterable:
  File ""/home/mgjeong/miniconda3/lib/python3.12/concurrent/futures/_base.py"", line 619, in result_iterator
    yield _result_or_cancel(fs.pop())
          ^^^^^^^^^^^^^^^^^^^^^^^^^^^
  File ""/home/mgjeong/miniconda3/lib/python3.12/concurrent/futures/_base.py"", line 317, in _result_or_cancel
    return fut.result(timeout)
           ^^^^^^^^^^^^^^^^^^^
  File ""/home/mgjeong/miniconda3/lib/python3.12/concurrent/futures/_base.py"", line 456, in result
    return self.__get_result()
           ^^^^^^^^^^^^^^^^^^^
  File ""/home/mgjeong/miniconda3/lib/python3.12/concurrent/futures/_base.py"", line 401, in __get_result
    raise self._exception
  File ""/home/mgjeong/miniconda3/lib/python3.12/concurrent/futures/thread.py"", line 58, in run
    result = self.fn(*self.args, **self.kwargs)
             ^^^^^^^^^^^^^^^^^^^^^^^^^^^^^^^^^^
  File ""/home/mgjeong/miniconda3/lib/python3.12/site-packages/huggingface_hub/_snapshot_download.py"", line 270, in _inner_hf_hub_download
    return hf_hub_download(
           ^^^^^^^^^^^^^^^^
  File ""/home/mgjeong/miniconda3/lib/python3.12/site-packages/huggingface_hub/utils/_validators.py"", line 114, in _inner_fn
    return fn(*args, **kwargs)
           ^^^^^^^^^^^^^^^^^^^
  File ""/home/mgjeong/miniconda3/lib/python3.12/site-packages/huggingface_hub/file_download.py"", line 961, in hf_hub_download
    return _hf_hub_download_to_cache_dir(
           ^^^^^^^^^^^^^^^^^^^^^^^^^^^^^^
  File ""/home/mgjeong/miniconda3/lib/python3.12/site-packages/huggingface_hub/file_download.py"", line 1068, in _hf_hub_download_to_cache_dir
    _raise_on_head_call_error(head_call_error, force_download, local_files_only)
  File ""/home/mgjeong/miniconda3/lib/python3.12/site-packages/huggingface_hub/file_download.py"", line 1596, in _raise_on_head_call_error
    raise head_call_error
  File ""/home/mgjeong/miniconda3/lib/python3.12/site-packages/huggingface_hub/file_download.py"", line 1484, in _get_metadata_or_catch_error
    metadata = get_hf_file_metadata(
               ^^^^^^^^^^^^^^^^^^^^^
  File ""/home/mgjeong/miniconda3/lib/python3.12/site-packages/huggingface_hub/utils/_validators.py"", line 114, in _inner_fn
    return fn(*args, **kwargs)
           ^^^^^^^^^^^^^^^^^^^
  File ""/home/mgjeong/miniconda3/lib/python3.12/site-packages/huggingface_hub/file_download.py"", line 1401, in get_hf_file_metadata
    r = _request_wrapper(
        ^^^^^^^^^^^^^^^^^
  File ""/home/mgjeong/miniconda3/lib/python3.12/site-packages/huggingface_hub/file_download.py"", line 285, in _request_wrapper
    response = _request_wrapper(
               ^^^^^^^^^^^^^^^^^
  File ""/home/mgjeong/miniconda3/lib/python3.12/site-packages/huggingface_hub/file_download.py"", line 309, in _request_wrapper
    hf_raise_for_status(response)
  File ""/home/mgjeong/miniconda3/lib/python3.12/site-packages/huggingface_hub/utils/_http.py"", line 426, in hf_raise_for_status
    raise _format(GatedRepoError, message, response) from e
huggingface_hub.errors.GatedRepoError: 401 Client Error. (Request ID: Root=1-69e5ea49-7f90156c044ee457442d6003;ac59faf9-6965-4b0c-9bca-6606456b5494)

Cannot access gated repo for url https://huggingface.co/google/gemma-2-9b-it/resolve/11c9b309abf73637e4b6f9a3fa1e92e615547819/.gitattributes.
Access to model google/gemma-2-9b-it is restricted. You must have access to it and be authenticated to access it. Please log in."
qwen25_coder_14b,Qwen2.5-Coder-14B-Instruct,Qwen/Qwen2.5-Coder-14B-Instruct,worker,ready,ready,ready_and_smoke_tested,,False,/home/mgjeong/.cache/huggingface/hub/models--Qwen--Qwen2.5-Coder-14B-Instruct/snapshots/aedcc2d42b622764e023cf882b6652e646b95671,/home/mgjeong/.cache/huggingface/hub/models--Qwen--Qwen2.5-Coder-14B-Instruct/snapshots/aedcc2d42b622764e023cf882b6652e646b95671,1,/home/mgjeong/miniconda3/envs/l/bin/python,/home/mgjeong/Desktop/llm/JOILang-Server/gpt_mg/version0_13/qwen_local_worker.py,cuda:0,bf16,False,True,ok,/home/mgjeong/Desktop/llm/JOILang-Server/gpt_mg/version0_15_update20260413/results/model_suite_20260420_175701,89.8937,"cached locally (hf_cache, snapshots=1)"
