index,category,command_kor,command_eng,gt_raw,connected_devices,gt,row_no,profile,genome_id,genome_seed,run_id,candidate_count,candidates,candidate_metadata,prompt_log_paths,generation_status,generation_total_pipeline_sec,llm_mode,llm_model,prompt_render_mode,prompt_assets_dir,service_list_snippet_source,service_list_device_count,service_list_retrieval_status,service_list_retrieval_mode,service_list_retrieval_topk,service_list_retrieval_device,service_list_retrieval_categories,service_list_retrieval_scores,service_list_retrieval_fallback_reason,generation_call_count,generation_error_count,generation_error_type,generation_error_types,generation_oom_flag,generation_prompt_chars_total,generation_prompt_tokens_total,generation_completion_tokens_total,generation_total_tokens_total,generation_llm_latency_sec,generation_peak_vram_gb
3,5,공기청정기를 자동 모드로 설정하고 2시간 뒤에 수면 모드로 설정해줘.,Set the air purifier to auto mode and switch to sleep mode after 2 hours.,"{""name"": """", 
""cron"": """", 
""period"": 0, 
""script"": ""\n(#AirPurifier).SetAirPurifierMode(\""auto\"")\n\ndelay(2 HOUR)\n\n(#AirPurifier).SetAirPurifierMode(\""sleep\"")""}",,"{""name"": """", 
""cron"": """", 
""period"": 0, 
""script"": ""\n(#AirPurifier).airpurifier_setairpurifiermode(\""auto\"")\n\ndelay(2 HOUR)\n\n(#AirPurifier).airpurifier_setairpurifiermode(\""sleep\"")""}",123,version0_15_update20260413,v13mix-dd31b045-0a95-cfa8-f8bb-4a7af9673ee1,120649430,g001_quick_v13mix-dd31b045-0a95-cfa8-f8bb-4a7af9673ee1_163844,1,"[""""]","[{""candidate_index"": 0, ""strategy"": ""minimal"", ""prompt_chars"": 486550, ""error"": ""CUDA out of memory. Tried to allocate 67.64 GiB. GPU 1 has a total capacity of 47.44 GiB of which 35.30 GiB is free. Including non-PyTorch memory, this process has 12.11 GiB memory in use. Of the allocated memory 7.90 GiB is allocated by PyTorch, and 3.90 GiB is reserved by PyTorch but unallocated. If reserved but unallocated memory is large try setting PYTORCH_CUDA_ALLOC_CONF=expandable_segments:True to avoid fragmentation.  See documentation for Memory Management  (https://pytorch.org/docs/stable/notes/cuda.html#environment-variables)"", ""error_type"": ""cuda_oom"", ""oom_flag"": true, ""block_manifest"": [{""id"": ""01"", ""path"": ""/home/mgjeong/Desktop/llm/JOILang-Server/gpt_mg/version0_15_update20260413/blocks/generated/v13_gene_pool_ba3c7b2a33/01_v13_caution_full.txt"", ""metadata"": {""id"": ""01"", ""role"": ""preprocessor"", ""params"": ""temperature, few_shot_count, max_tokens, micro_rules"", ""description"": ""version0_13-derived gene variant: v13_caution_full"", ""placeholders"": ""{command_eng}, {connected_devices}, {service_list_snippet}, {optional_cron}, {optional_period}, {candidate_strategy}""}}, {""id"": ""02"", ""path"": ""/home/mgjeong/Desktop/llm/JOILang-Server/gpt_mg/version0_15_update20260413/blocks/generated/v13_gene_pool_ba3c7b2a33/02_v13_schema_first_compact.txt"", ""metadata"": {""id"": ""02"", ""role"": ""generator"", ""params"": ""temperature, few_shot_count, max_tokens, micro_rules"", ""description"": ""version0_13-derived gene variant: v13_schema_first_compact"", ""placeholders"": ""{command_eng}, {connected_devices}, {service_list_snippet}, {optional_cron}, {optional_period}, {candidate_strategy}""}}, {""id"": ""03"", ""path"": ""/home/mgjeong/Desktop/llm/JOILang-Server/gpt_mg/version0_15_update20260413/blocks/generated/v13_gene_pool_ba3c7b2a33/03_v13_response_contract.txt"", ""metadata"": {""id"": ""03"", ""role"": ""postprocessor"", ""params"": ""temperature, few_shot_count, max_tokens, micro_rules"", ""description"": ""version0_13-derived gene variant: v13_response_contract"", ""placeholders"": ""{command_eng}, {connected_devices}, {service_list_snippet}, {optional_cron}, {optional_period}, {candidate_strategy}""}}, {""id"": ""06"", ""path"": ""/home/mgjeong/Desktop/llm/JOILang-Server/gpt_mg/version0_15_update20260413/blocks/generated/v13_gene_pool_ba3c7b2a33/06_v13_grammar_tempo_compact.txt"", ""metadata"": {""id"": ""06"", ""role"": ""helper"", ""params"": ""temperature, few_shot_count, max_tokens, micro_rules"", ""description"": ""version0_13-derived gene variant: v13_grammar_tempo_compact"", ""placeholders"": ""{command_eng}, {connected_devices}, {service_list_snippet}, {optional_cron}, {optional_period}, {candidate_strategy}""}}]}]","[""/home/mgjeong/Desktop/llm/JOILang-Server/gpt_mg/version0_15_update20260413/logs/g001_quick_v13mix-dd31b045-0a95-cfa8-f8bb-4a7af9673ee1_163844/row_123_cand_1.json""]",partial_error,125.7051,worker,microsoft/Phi-3.5-mini-instruct,blocks,,service_schema_fallback,50,error,hybrid,10,cpu,[],[],retrieval worker timed out after 120.0s,1,1,cuda_oom,"[""cuda_oom""]",True,486550,0,0,0,0.0,0.0
7,5,오븐이 가열 모드가 되면 3초 뒤에 전자레인지 모드로 바꿔줘.,"When the oven enters heating mode, switch it to microwave mode after 3 seconds.","{""name"": """", 
""cron"": """", 
""period"": 0, 
""script"": ""\nwait until ((#Oven).OvenMode == \""heating\"")\n\ndelay(3 SEC)\n\n(#Oven).SetOvenMode(\""Microwave\"")""}",,"{""name"": """", 
""cron"": """", 
""period"": 0, 
""script"": ""\nwait until ((#Oven).oven_ovenmode == \""heating\"")\n\ndelay(3 SEC)\n\n(#Oven).oven_setovenmode(\""Microwave\"")""}",127,version0_15_update20260413,v13mix-dd31b045-0a95-cfa8-f8bb-4a7af9673ee1,120649430,g001_quick_v13mix-dd31b045-0a95-cfa8-f8bb-4a7af9673ee1_163844,1,"[""""]","[{""candidate_index"": 0, ""strategy"": ""minimal"", ""prompt_chars"": 486556, ""error"": ""CUDA out of memory. Tried to allocate 67.64 GiB. GPU 1 has a total capacity of 47.44 GiB of which 35.30 GiB is free. Including non-PyTorch memory, this process has 12.11 GiB memory in use. Of the allocated memory 7.90 GiB is allocated by PyTorch, and 3.90 GiB is reserved by PyTorch but unallocated. If reserved but unallocated memory is large try setting PYTORCH_CUDA_ALLOC_CONF=expandable_segments:True to avoid fragmentation.  See documentation for Memory Management  (https://pytorch.org/docs/stable/notes/cuda.html#environment-variables)"", ""error_type"": ""cuda_oom"", ""oom_flag"": true, ""block_manifest"": [{""id"": ""01"", ""path"": ""/home/mgjeong/Desktop/llm/JOILang-Server/gpt_mg/version0_15_update20260413/blocks/generated/v13_gene_pool_ba3c7b2a33/01_v13_caution_full.txt"", ""metadata"": {""id"": ""01"", ""role"": ""preprocessor"", ""params"": ""temperature, few_shot_count, max_tokens, micro_rules"", ""description"": ""version0_13-derived gene variant: v13_caution_full"", ""placeholders"": ""{command_eng}, {connected_devices}, {service_list_snippet}, {optional_cron}, {optional_period}, {candidate_strategy}""}}, {""id"": ""02"", ""path"": ""/home/mgjeong/Desktop/llm/JOILang-Server/gpt_mg/version0_15_update20260413/blocks/generated/v13_gene_pool_ba3c7b2a33/02_v13_schema_first_compact.txt"", ""metadata"": {""id"": ""02"", ""role"": ""generator"", ""params"": ""temperature, few_shot_count, max_tokens, micro_rules"", ""description"": ""version0_13-derived gene variant: v13_schema_first_compact"", ""placeholders"": ""{command_eng}, {connected_devices}, {service_list_snippet}, {optional_cron}, {optional_period}, {candidate_strategy}""}}, {""id"": ""03"", ""path"": ""/home/mgjeong/Desktop/llm/JOILang-Server/gpt_mg/version0_15_update20260413/blocks/generated/v13_gene_pool_ba3c7b2a33/03_v13_response_contract.txt"", ""metadata"": {""id"": ""03"", ""role"": ""postprocessor"", ""params"": ""temperature, few_shot_count, max_tokens, micro_rules"", ""description"": ""version0_13-derived gene variant: v13_response_contract"", ""placeholders"": ""{command_eng}, {connected_devices}, {service_list_snippet}, {optional_cron}, {optional_period}, {candidate_strategy}""}}, {""id"": ""06"", ""path"": ""/home/mgjeong/Desktop/llm/JOILang-Server/gpt_mg/version0_15_update20260413/blocks/generated/v13_gene_pool_ba3c7b2a33/06_v13_grammar_tempo_compact.txt"", ""metadata"": {""id"": ""06"", ""role"": ""helper"", ""params"": ""temperature, few_shot_count, max_tokens, micro_rules"", ""description"": ""version0_13-derived gene variant: v13_grammar_tempo_compact"", ""placeholders"": ""{command_eng}, {connected_devices}, {service_list_snippet}, {optional_cron}, {optional_period}, {candidate_strategy}""}}]}]","[""/home/mgjeong/Desktop/llm/JOILang-Server/gpt_mg/version0_15_update20260413/logs/g001_quick_v13mix-dd31b045-0a95-cfa8-f8bb-4a7af9673ee1_163844/row_127_cand_1.json""]",partial_error,125.4892,worker,microsoft/Phi-3.5-mini-instruct,blocks,,service_schema_fallback,50,error,hybrid,10,cpu,[],[],retrieval worker timed out after 120.0s,1,1,cuda_oom,"[""cuda_oom""]",True,486556,0,0,0,0.0,0.0
