index,category,command_kor,command_eng,gt_raw,connected_devices,gt,row_no,profile,genome_id,genome_seed,run_id,candidate_count,candidates,candidate_metadata,prompt_log_paths,generation_status,llm_mode,llm_model
1,4,접촉 센서가 감지되면 조명을 켜줘.,"When the contact sensor is detected, turn on the light.","{""name"": """", 
""cron"": """", 
""period"": 0, 
""script"": ""\nwait until ((#ContactSensor).Contact == true)\n\n(#Light).On()""}",,"{""name"": """", 
""cron"": """", 
""period"": 0, 
""script"": ""\nwait until ((#ContactSensor).ContactSensor_Contact == true)\n\n(#Light).Switch_On()""}",91,version0_14,gen-1a637e79-cc98-783b-d15e-9ff13f56cdf5,1019,feedback_attempt_1_gen-1a637e79-cc98-783b-d15e-9ff13f56cdf5_1019,1,"[""{\""name\"":\""TurnOnLightOnContact\"",\""cron\"":\""\"",\""period\"":0,\""code\"":\""wait until ((#ContactSensor).ContactSensor_Contact == true)\\n(#Light).Switch_On()\""}""]","[{""candidate_index"": 0, ""strategy"": ""direct"", ""prompt_tokens"": 4361, ""completion_tokens"": 44, ""total_tokens"": 4405, ""latency_sec"": 10.7855, ""block_manifest"": [{""id"": ""01"", ""path"": ""/home/andrew/joi-llm/gpt_mg/version0_14/blocks/01_preamble.txt"", ""metadata"": {""id"": ""01"", ""role"": ""preprocessor"", ""params"": ""temperature, micro_rules"", ""description"": ""Global deterministic JOILang generation rules and schema-faithful behavior."", ""placeholders"": ""{command_eng}, {connected_devices}, {service_list_snippet}, {optional_cron}, {optional_period}""}}, {""id"": ""02"", ""path"": ""/home/andrew/joi-llm/gpt_mg/version0_14/blocks/generated/02_generator_prompt__patch_20260331_082917_1__patch_20260331_083043_1__patch_20260331_083201_1.txt"", ""metadata"": {""id"": ""02"", ""role"": ""generator"", ""params"": ""temperature, few_shot_count, max_tokens, micro_rules"", ""description"": ""Main JOILang generator block with deterministic JSON-only output and schema-grounded exemplars."", ""placeholders"": ""{command_eng}, {connected_devices}, {service_list_snippet}, {optional_cron}, {optional_period}, {candidate_strategy}""}}, {""id"": ""03"", ""path"": ""/home/andrew/joi-llm/gpt_mg/version0_14/blocks/03_postprocessor.txt"", ""metadata"": {""id"": ""03"", ""role"": ""postprocessor"", ""params"": ""max_tokens, micro_rules"", ""description"": ""Final JOILang output scrubber that enforces JSON shape and strips explanation drift."", ""placeholders"": ""{command_eng}, {connected_devices}, {service_list_snippet}, {optional_cron}, {optional_period}""}}, {""id"": ""06"", ""path"": ""/home/andrew/joi-llm/gpt_mg/version0_14/blocks/06_det_helper.txt"", ""metadata"": {""id"": ""06"", ""role"": ""helper"", ""params"": ""micro_rules"", ""description"": ""Diagnostic helper block enumerating the evaluator targets so the generator avoids common failures."", ""placeholders"": ""{command_eng}, {connected_devices}, {service_list_snippet}, {optional_cron}, {optional_period}""}}]}]","[""/home/andrew/joi-llm/gpt_mg/version0_14/logs/feedback_attempt_1_gen-1a637e79-cc98-783b-d15e-9ff13f56cdf5_1019/row_091_cand_1.json""]",ok,worker,Qwen/Qwen2.5-Coder-7B-Instruct
14,4,내부 초미세먼지 농도가 35 이상이 되면 공기청정기를 강하게 틀어줘.,"When the indoor very fine dust level becomes 35 or higher, set the air purifier to high.","{""name"": """", 
""cron"": """", 
""period"": 0, 
""script"": ""\nwait until ((#AirQualitySensor).VeryFineDustLevel >= 35)\n\n(#AirPurifier).SetAirPurifierMode(\""high\"")""}",,"{""name"": """", 
""cron"": """", 
""period"": 0, 
""script"": ""\nwait until ((#AirQualitySensor).AirQualitySensor_VeryFineDustLevel >= 35)\n\n(#AirPurifier).AirPurifier_SetAirPurifierMode(\""high\"")""}",104,version0_14,gen-1a637e79-cc98-783b-d15e-9ff13f56cdf5,1019,feedback_attempt_1_gen-1a637e79-cc98-783b-d15e-9ff13f56cdf5_1019,1,"[""{\""name\"":\""SetAirPurifierHighOnFineDust\"",\""cron\"":\""\"",\""period\"":0,\""code\"":\""wait until ((#AirQualitySensor).AirQualitySensor_VeryFineDustLevel >= 35)\\n(#AirPurifier).AirPurifier_SetAirPurifierMode(\\\""high\\\"")\""}""]","[{""candidate_index"": 0, ""strategy"": ""direct"", ""prompt_tokens"": 3996, ""completion_tokens"": 83, ""total_tokens"": 4079, ""latency_sec"": 11.8507, ""block_manifest"": [{""id"": ""01"", ""path"": ""/home/andrew/joi-llm/gpt_mg/version0_14/blocks/01_preamble.txt"", ""metadata"": {""id"": ""01"", ""role"": ""preprocessor"", ""params"": ""temperature, micro_rules"", ""description"": ""Global deterministic JOILang generation rules and schema-faithful behavior."", ""placeholders"": ""{command_eng}, {connected_devices}, {service_list_snippet}, {optional_cron}, {optional_period}""}}, {""id"": ""02"", ""path"": ""/home/andrew/joi-llm/gpt_mg/version0_14/blocks/generated/02_generator_prompt__patch_20260331_082917_1__patch_20260331_083043_1__patch_20260331_083201_1.txt"", ""metadata"": {""id"": ""02"", ""role"": ""generator"", ""params"": ""temperature, few_shot_count, max_tokens, micro_rules"", ""description"": ""Main JOILang generator block with deterministic JSON-only output and schema-grounded exemplars."", ""placeholders"": ""{command_eng}, {connected_devices}, {service_list_snippet}, {optional_cron}, {optional_period}, {candidate_strategy}""}}, {""id"": ""03"", ""path"": ""/home/andrew/joi-llm/gpt_mg/version0_14/blocks/03_postprocessor.txt"", ""metadata"": {""id"": ""03"", ""role"": ""postprocessor"", ""params"": ""max_tokens, micro_rules"", ""description"": ""Final JOILang output scrubber that enforces JSON shape and strips explanation drift."", ""placeholders"": ""{command_eng}, {connected_devices}, {service_list_snippet}, {optional_cron}, {optional_period}""}}, {""id"": ""06"", ""path"": ""/home/andrew/joi-llm/gpt_mg/version0_14/blocks/06_det_helper.txt"", ""metadata"": {""id"": ""06"", ""role"": ""helper"", ""params"": ""micro_rules"", ""description"": ""Diagnostic helper block enumerating the evaluator targets so the generator avoids common failures."", ""placeholders"": ""{command_eng}, {connected_devices}, {service_list_snippet}, {optional_cron}, {optional_period}""}}]}]","[""/home/andrew/joi-llm/gpt_mg/version0_14/logs/feedback_attempt_1_gen-1a637e79-cc98-783b-d15e-9ff13f56cdf5_1019/row_104_cand_1.json""]",ok,worker,Qwen/Qwen2.5-Coder-7B-Instruct
